#
# There is insufficient memory for the Java Runtime Environment to continue.
# Native memory allocation (malloc) failed to allocate 1070624 bytes. Error detail: Chunk::new
# Possible reasons:
#   The system is out of physical RAM or swap space
#   This process is running with CompressedOops enabled, and the Java Heap may be blocking the growth of the native heap
# Possible solutions:
#   Reduce memory load on the system
#   Increase physical memory or swap space
#   Check if swap backing store is full
#   Decrease Java heap size (-Xmx/-Xms)
#   Decrease number of Java threads
#   Decrease Java thread stack sizes (-Xss)
#   Set larger code cache with -XX:ReservedCodeCacheSize=
#   JVM is running with Unscaled Compressed Oops mode in which the Java heap is
#     placed in the first 4GB address space. The Java Heap base address is the
#     maximum limit for the native heap growth. Please use -XX:HeapBaseMinAddress
#     to set the Java Heap base and to place the Java Heap above 4GB virtual address.
# This output file may be truncated or incomplete.
#
#  Out of Memory Error (arena.cpp:168), pid=19428, tid=464
#
# JRE version: OpenJDK Runtime Environment (21.0.9) (build 21.0.9+-14649483-b1163.86)
# Java VM: OpenJDK 64-Bit Server VM (21.0.9+-14649483-b1163.86, mixed mode, tiered, compressed oops, compressed class ptrs, g1 gc, windows-amd64)
# No core dump will be written. Minidumps are not enabled by default on client versions of Windows
#

---------------  S U M M A R Y ------------

Command Line: --add-opens=java.base/java.lang=ALL-UNNAMED --add-opens=java.base/java.lang.invoke=ALL-UNNAMED --add-opens=java.base/java.util=ALL-UNNAMED --add-opens=java.prefs/java.util.prefs=ALL-UNNAMED --add-exports=jdk.compiler/com.sun.tools.javac.api=ALL-UNNAMED --add-exports=jdk.compiler/com.sun.tools.javac.util=ALL-UNNAMED --add-opens=java.base/java.util=ALL-UNNAMED --add-opens=java.prefs/java.util.prefs=ALL-UNNAMED --add-opens=java.base/java.nio.charset=ALL-UNNAMED --add-opens=java.base/java.net=ALL-UNNAMED --add-opens=java.base/java.util.concurrent=ALL-UNNAMED --add-opens=java.base/java.util.concurrent.atomic=ALL-UNNAMED --add-opens=java.xml/javax.xml.namespace=ALL-UNNAMED --add-opens=java.base/java.time=ALL-UNNAMED -Xmx2048m -Dfile.encoding=UTF-8 -Duser.country=RU -Duser.language=ru -Duser.variant -javaagent:C:\Users\agata\.gradle\wrapper\dists\gradle-9.1.0-bin\9agqghryom9wkf8r80qlhnts3\gradle-9.1.0\lib\agents\gradle-instrumentation-agent-9.1.0.jar org.gradle.launcher.daemon.bootstrap.GradleDaemon 9.1.0

Host: AMD Ryzen 7 5800U with Radeon Graphics         , 16 cores, 15G,  Windows 11 , 64 bit Build 26100 (10.0.26100.7920)
Time: Tue Mar 17 01:45:47 2026 elapsed time: 19.127178 seconds (0d 0h 0m 19s)

---------------  T H R E A D  ---------------

Current thread (0x0000017b56674dc0):  JavaThread "C2 CompilerThread3" daemon [_thread_in_native, id=464, stack(0x000000453b100000,0x000000453b200000) (1024K)]


Current CompileTask:
C2:19127 10398 % !   4       org.jetbrains.kotlin.cli.jvm.compiler.jarfs.FastJarHandler::<init> @ 204 (551 bytes)

Stack: [0x000000453b100000,0x000000453b200000]
Native frames: (J=compiled Java code, j=interpreted, Vv=VM code, C=native code)
V  [jvm.dll+0x6d6c99]
V  [jvm.dll+0x866b83]
V  [jvm.dll+0x86919e]
V  [jvm.dll+0x869883]
V  [jvm.dll+0x280776]
V  [jvm.dll+0xc07cd]
V  [jvm.dll+0xc0d03]
V  [jvm.dll+0x3b986b]
V  [jvm.dll+0x3856a7]
V  [jvm.dll+0x384b1a]
V  [jvm.dll+0x249462]
V  [jvm.dll+0x248a31]
V  [jvm.dll+0x1c7344]
V  [jvm.dll+0x2581ae]
V  [jvm.dll+0x2566f6]
V  [jvm.dll+0x3f48a6]
V  [jvm.dll+0x80f118]
V  [jvm.dll+0x6d54ed]
C  [ucrtbase.dll+0x37b0]
C  [KERNEL32.DLL+0x2e8d7]
C  [ntdll.dll+0x8c48c]


---------------  P R O C E S S  ---------------

Threads class SMR info:
_java_thread_list=0x0000017b5adf2b00, length=121, elements={
0x0000017b36f898d0, 0x0000017b4f352e10, 0x0000017b4f3578a0, 0x0000017b4f358300,
0x0000017b4f356130, 0x0000017b4f387210, 0x0000017b4f387c70, 0x0000017b4f390ae0,
0x0000017b4f391870, 0x0000017b4f394320, 0x0000017b4f859590, 0x0000017b54ae1c90,
0x0000017b54887c90, 0x0000017b55945610, 0x0000017b55ad4360, 0x0000017b54ed21f0,
0x0000017b55718840, 0x0000017b557181b0, 0x0000017b5571a280, 0x0000017b55717b20,
0x0000017b55718ed0, 0x0000017b55719bf0, 0x0000017b5571a910, 0x0000017b5571afa0,
0x0000017b56d4e680, 0x0000017b56d50de0, 0x0000017b56d500c0, 0x0000017b56d50750,
0x0000017b56d4d960, 0x0000017b56d53bd0, 0x0000017b56d52190, 0x0000017b56d51470,
0x0000017b56d548f0, 0x0000017b56d51b00, 0x0000017b56d52820, 0x0000017b5a0934b0,
0x0000017b5a094ef0, 0x0000017b5a095580, 0x0000017b5a0941d0, 0x0000017b5a095c10,
0x0000017b5a092e20, 0x0000017b5a093b40, 0x0000017b5a094860, 0x0000017b5a092790,
0x0000017b5a097650, 0x0000017b5a096fc0, 0x0000017b5a099090, 0x0000017b5a0962a0,
0x0000017b5a097ce0, 0x0000017b5a098370, 0x0000017b5a099db0, 0x0000017b5a096930,
0x0000017b5a098a00, 0x0000017b5a099720, 0x0000017b56dfa690, 0x0000017b56dfb3b0,
0x0000017b56dfd480, 0x0000017b56dfba40, 0x0000017b56dfc0d0, 0x0000017b56dfdb10,
0x0000017b56dfe1a0, 0x0000017b56dfad20, 0x0000017b56dfe830, 0x0000017b56dfeec0,
0x0000017b56dff550, 0x0000017b56dfcdf0, 0x0000017b56dffbe0, 0x0000017b56dfc760,
0x0000017b56e00900, 0x0000017b56e00270, 0x0000017b56e01620, 0x0000017b59294b10,
0x0000017b59295830, 0x0000017b58bcef70, 0x0000017b58bd1040, 0x0000017b58bcdbc0,
0x0000017b58bd0320, 0x0000017b58bce250, 0x0000017b58bcfc90, 0x0000017b58bd16d0,
0x0000017b58bd09b0, 0x0000017b58bcf600, 0x0000017b58bd1d60, 0x0000017b58bce8e0,
0x0000017b58bd4b50, 0x0000017b58bd3110, 0x0000017b58bd23f0, 0x0000017b58bd3e30,
0x0000017b58bd37a0, 0x0000017b58bd44c0, 0x0000017b58bd2a80, 0x0000017b58bd51e0,
0x0000017b5ad6c000, 0x0000017b5ad6b970, 0x0000017b5ad69210, 0x0000017b5ad6ac50,
0x0000017b5ad68b80, 0x0000017b5ad6c690, 0x0000017b5ad6b2e0, 0x0000017b5ad6cd20,
0x0000017b5ad6a5c0, 0x0000017b5ad69f30, 0x0000017b5ad698a0, 0x0000017b5ad6edf0,
0x0000017b5ad6fb10, 0x0000017b5ad701a0, 0x0000017b5ad6f480, 0x0000017b5ad6d3b0,
0x0000017b5ad6da40, 0x0000017b5ad6e0d0, 0x0000017b5ad6e760, 0x0000017b5bc6e8b0,
0x0000017b5bc6ce70, 0x0000017b5bc6d500, 0x0000017b5bc6e220, 0x0000017b5bc6db90,
0x0000017b5bc6bac0, 0x0000017b5bc6b430, 0x0000017b56676230, 0x0000017b56677d70,
0x0000017b56674dc0
}

Java Threads: ( => current thread )
  0x0000017b36f898d0 JavaThread "main"                              [_thread_blocked, id=8976, stack(0x0000004537f00000,0x0000004538000000) (1024K)]
  0x0000017b4f352e10 JavaThread "Common-Cleaner"             daemon [_thread_blocked, id=2516, stack(0x0000004538700000,0x0000004538800000) (1024K)]
  0x0000017b4f3578a0 JavaThread "Reference Handler"          daemon [_thread_blocked, id=17980, stack(0x0000004538800000,0x0000004538900000) (1024K)]
  0x0000017b4f358300 JavaThread "Finalizer"                  daemon [_thread_blocked, id=18900, stack(0x0000004538900000,0x0000004538a00000) (1024K)]
  0x0000017b4f356130 JavaThread "Signal Dispatcher"          daemon [_thread_blocked, id=11396, stack(0x0000004538a00000,0x0000004538b00000) (1024K)]
  0x0000017b4f387210 JavaThread "Attach Listener"            daemon [_thread_blocked, id=22444, stack(0x0000004538b00000,0x0000004538c00000) (1024K)]
  0x0000017b4f387c70 JavaThread "Service Thread"             daemon [_thread_blocked, id=18848, stack(0x0000004538c00000,0x0000004538d00000) (1024K)]
  0x0000017b4f390ae0 JavaThread "Monitor Deflation Thread"   daemon [_thread_blocked, id=4864, stack(0x0000004538d00000,0x0000004538e00000) (1024K)]
  0x0000017b4f391870 JavaThread "C2 CompilerThread0"         daemon [_thread_blocked, id=9344, stack(0x0000004538e00000,0x0000004538f00000) (1024K)]
  0x0000017b4f394320 JavaThread "C1 CompilerThread0"         daemon [_thread_blocked, id=23436, stack(0x0000004538f00000,0x0000004539000000) (1024K)]
  0x0000017b4f859590 JavaThread "Notification Thread"        daemon [_thread_blocked, id=4596, stack(0x0000004539100000,0x0000004539200000) (1024K)]
  0x0000017b54ae1c90 JavaThread "Daemon health stats"               [_thread_blocked, id=11312, stack(0x0000004539300000,0x0000004539400000) (1024K)]
  0x0000017b54887c90 JavaThread "Incoming local TCP Connector on port 63792"        [_thread_in_native, id=17604, stack(0x0000004539b00000,0x0000004539c00000) (1024K)]
  0x0000017b55945610 JavaThread "Daemon periodic checks"            [_thread_blocked, id=3092, stack(0x0000004539c00000,0x0000004539d00000) (1024K)]
  0x0000017b55ad4360 JavaThread "Daemon"                            [_thread_blocked, id=22536, stack(0x0000004539d00000,0x0000004539e00000) (1024K)]
  0x0000017b54ed21f0 JavaThread "Handler for socket connection from /127.0.0.1:63792 to /127.0.0.1:63793"        [_thread_in_native, id=21768, stack(0x0000004539e00000,0x0000004539f00000) (1024K)]
  0x0000017b55718840 JavaThread "Cancel handler"                    [_thread_blocked, id=14832, stack(0x0000004539f00000,0x000000453a000000) (1024K)]
  0x0000017b557181b0 JavaThread "Daemon worker"                     [_thread_in_native, id=17212, stack(0x000000453a000000,0x000000453a100000) (1024K)]
  0x0000017b5571a280 JavaThread "Asynchronous log dispatcher for DefaultDaemonConnection: socket connection from /127.0.0.1:63792 to /127.0.0.1:63793"        [_thread_blocked, id=21152, stack(0x000000453a100000,0x000000453a200000) (1024K)]
  0x0000017b55717b20 JavaThread "Stdin handler"                     [_thread_blocked, id=23456, stack(0x000000453a200000,0x000000453a300000) (1024K)]
  0x0000017b55718ed0 JavaThread "Daemon client event forwarder"        [_thread_blocked, id=9628, stack(0x000000453ad00000,0x000000453ae00000) (1024K)]
  0x0000017b55719bf0 JavaThread "Cache worker for journal cache (C:\Users\agata\.gradle\caches\journal-1)"        [_thread_blocked, id=17600, stack(0x000000453ae00000,0x000000453af00000) (1024K)]
  0x0000017b5571a910 JavaThread "File lock request listener"        [_thread_in_native, id=18232, stack(0x000000453af00000,0x000000453b000000) (1024K)]
  0x0000017b5571afa0 JavaThread "Cache worker for file hash cache (C:\Users\agata\.gradle\caches\9.1.0\fileHashes)"        [_thread_blocked, id=2240, stack(0x000000453b000000,0x000000453b100000) (1024K)]
  0x0000017b56d4e680 JavaThread "Cache worker for file hash cache (C:\Users\agata\AndroidStudioProjects\labs\.gradle\9.1.0\fileHashes)"        [_thread_blocked, id=12872, stack(0x000000453b200000,0x000000453b300000) (1024K)]
  0x0000017b56d50de0 JavaThread "Cache worker for Build Output Cleanup Cache (C:\Users\agata\AndroidStudioProjects\labs\.gradle\buildOutputCleanup)"        [_thread_blocked, id=21284, stack(0x000000453b300000,0x000000453b400000) (1024K)]
  0x0000017b56d500c0 JavaThread "File watcher server"        daemon [_thread_in_native, id=6676, stack(0x000000453b400000,0x000000453b500000) (1024K)]
  0x0000017b56d50750 JavaThread "File watcher consumer"      daemon [_thread_blocked, id=13912, stack(0x000000453b500000,0x000000453b600000) (1024K)]
  0x0000017b56d4d960 JavaThread "Cache worker for checksums cache (C:\Users\agata\AndroidStudioProjects\labs\.gradle\9.1.0\checksums)"        [_thread_blocked, id=23028, stack(0x000000453b600000,0x000000453b700000) (1024K)]
  0x0000017b56d53bd0 JavaThread "Cache worker for file content cache (C:\Users\agata\.gradle\caches\9.1.0\fileContent)"        [_thread_blocked, id=22452, stack(0x000000453b700000,0x000000453b800000) (1024K)]
  0x0000017b56d52190 JavaThread "Cache worker for cache directory md-supplier (C:\Users\agata\.gradle\caches\9.1.0\md-supplier)"        [_thread_blocked, id=22740, stack(0x000000453b800000,0x000000453b900000) (1024K)]
  0x0000017b56d51470 JavaThread "Cache worker for cache directory md-rule (C:\Users\agata\.gradle\caches\9.1.0\md-rule)"        [_thread_blocked, id=19088, stack(0x000000453b900000,0x000000453ba00000) (1024K)]
  0x0000017b56d548f0 JavaThread "jar transforms"                    [_thread_blocked, id=18436, stack(0x000000453ba00000,0x000000453bb00000) (1024K)]
  0x0000017b56d51b00 JavaThread "jar transforms Thread 2"           [_thread_blocked, id=14296, stack(0x000000453bb00000,0x000000453bc00000) (1024K)]
  0x0000017b56d52820 JavaThread "jar transforms Thread 3"           [_thread_blocked, id=12904, stack(0x000000453bd00000,0x000000453be00000) (1024K)]
  0x0000017b5a0934b0 JavaThread "Unconstrained build operations"        [_thread_blocked, id=248, stack(0x000000453be00000,0x000000453bf00000) (1024K)]
  0x0000017b5a094ef0 JavaThread "Unconstrained build operations Thread 2"        [_thread_blocked, id=7800, stack(0x000000453bf00000,0x000000453c000000) (1024K)]
  0x0000017b5a095580 JavaThread "Unconstrained build operations Thread 3"        [_thread_blocked, id=11224, stack(0x000000453c000000,0x000000453c100000) (1024K)]
  0x0000017b5a0941d0 JavaThread "Unconstrained build operations Thread 4"        [_thread_blocked, id=14164, stack(0x000000453c100000,0x000000453c200000) (1024K)]
  0x0000017b5a095c10 JavaThread "Unconstrained build operations Thread 5"        [_thread_blocked, id=10656, stack(0x000000453c200000,0x000000453c300000) (1024K)]
  0x0000017b5a092e20 JavaThread "Unconstrained build operations Thread 6"        [_thread_blocked, id=22988, stack(0x000000453c300000,0x000000453c400000) (1024K)]
  0x0000017b5a093b40 JavaThread "Unconstrained build operations Thread 7"        [_thread_blocked, id=14056, stack(0x000000453c400000,0x000000453c500000) (1024K)]
  0x0000017b5a094860 JavaThread "Unconstrained build operations Thread 8"        [_thread_blocked, id=21612, stack(0x000000453c500000,0x000000453c600000) (1024K)]
  0x0000017b5a092790 JavaThread "Unconstrained build operations Thread 9"        [_thread_blocked, id=18392, stack(0x000000453c600000,0x000000453c700000) (1024K)]
  0x0000017b5a097650 JavaThread "Unconstrained build operations Thread 10"        [_thread_blocked, id=4224, stack(0x000000453c700000,0x000000453c800000) (1024K)]
  0x0000017b5a096fc0 JavaThread "Unconstrained build operations Thread 11"        [_thread_blocked, id=5140, stack(0x000000453c800000,0x000000453c900000) (1024K)]
  0x0000017b5a099090 JavaThread "Unconstrained build operations Thread 12"        [_thread_blocked, id=13568, stack(0x000000453c900000,0x000000453ca00000) (1024K)]
  0x0000017b5a0962a0 JavaThread "Unconstrained build operations Thread 13"        [_thread_blocked, id=23532, stack(0x000000453ca00000,0x000000453cb00000) (1024K)]
  0x0000017b5a097ce0 JavaThread "Unconstrained build operations Thread 14"        [_thread_blocked, id=9200, stack(0x000000453cb00000,0x000000453cc00000) (1024K)]
  0x0000017b5a098370 JavaThread "Unconstrained build operations Thread 15"        [_thread_blocked, id=22764, stack(0x000000453cc00000,0x000000453cd00000) (1024K)]
  0x0000017b5a099db0 JavaThread "Unconstrained build operations Thread 16"        [_thread_blocked, id=22388, stack(0x000000453cd00000,0x000000453ce00000) (1024K)]
  0x0000017b5a096930 JavaThread "Unconstrained build operations Thread 17"        [_thread_blocked, id=3000, stack(0x000000453ce00000,0x000000453cf00000) (1024K)]
  0x0000017b5a098a00 JavaThread "Unconstrained build operations Thread 18"        [_thread_blocked, id=4960, stack(0x000000453cf00000,0x000000453d000000) (1024K)]
  0x0000017b5a099720 JavaThread "Unconstrained build operations Thread 19"        [_thread_blocked, id=22412, stack(0x000000453d000000,0x000000453d100000) (1024K)]
  0x0000017b56dfa690 JavaThread "Unconstrained build operations Thread 20"        [_thread_blocked, id=19316, stack(0x000000453d100000,0x000000453d200000) (1024K)]
  0x0000017b56dfb3b0 JavaThread "jar transforms Thread 4"           [_thread_blocked, id=7008, stack(0x000000453d200000,0x000000453d300000) (1024K)]
  0x0000017b56dfd480 JavaThread "jar transforms Thread 5"           [_thread_blocked, id=14412, stack(0x000000453d300000,0x000000453d400000) (1024K)]
  0x0000017b56dfba40 JavaThread "Unconstrained build operations Thread 21"        [_thread_blocked, id=21536, stack(0x000000453d400000,0x000000453d500000) (1024K)]
  0x0000017b56dfc0d0 JavaThread "Unconstrained build operations Thread 22"        [_thread_blocked, id=11584, stack(0x000000453d500000,0x000000453d600000) (1024K)]
  0x0000017b56dfdb10 JavaThread "Unconstrained build operations Thread 23"        [_thread_blocked, id=8696, stack(0x000000453d600000,0x000000453d700000) (1024K)]
  0x0000017b56dfe1a0 JavaThread "Unconstrained build operations Thread 24"        [_thread_blocked, id=3732, stack(0x000000453d700000,0x000000453d800000) (1024K)]
  0x0000017b56dfad20 JavaThread "Unconstrained build operations Thread 25"        [_thread_blocked, id=18920, stack(0x000000453d800000,0x000000453d900000) (1024K)]
  0x0000017b56dfe830 JavaThread "Unconstrained build operations Thread 26"        [_thread_blocked, id=21276, stack(0x000000453d900000,0x000000453da00000) (1024K)]
  0x0000017b56dfeec0 JavaThread "Unconstrained build operations Thread 27"        [_thread_blocked, id=4600, stack(0x000000453da00000,0x000000453db00000) (1024K)]
  0x0000017b56dff550 JavaThread "Unconstrained build operations Thread 28"        [_thread_blocked, id=9288, stack(0x000000453db00000,0x000000453dc00000) (1024K)]
  0x0000017b56dfcdf0 JavaThread "Unconstrained build operations Thread 29"        [_thread_blocked, id=21408, stack(0x000000453dc00000,0x000000453dd00000) (1024K)]
  0x0000017b56dffbe0 JavaThread "Unconstrained build operations Thread 30"        [_thread_blocked, id=5584, stack(0x000000453dd00000,0x000000453de00000) (1024K)]
  0x0000017b56dfc760 JavaThread "jar transforms Thread 6"           [_thread_blocked, id=14920, stack(0x000000453de00000,0x000000453df00000) (1024K)]
  0x0000017b56e00900 JavaThread "jar transforms Thread 7"           [_thread_blocked, id=22220, stack(0x000000453df00000,0x000000453e000000) (1024K)]
  0x0000017b56e00270 JavaThread "jar transforms Thread 8"           [_thread_blocked, id=1204, stack(0x000000453e000000,0x000000453e100000) (1024K)]
  0x0000017b56e01620 JavaThread "Unconstrained build operations Thread 31"        [_thread_blocked, id=22712, stack(0x000000453bc00000,0x000000453bd00000) (1024K)]
  0x0000017b59294b10 JavaThread "Unconstrained build operations Thread 32"        [_thread_blocked, id=22644, stack(0x000000453e100000,0x000000453e200000) (1024K)]
  0x0000017b59295830 JavaThread "Unconstrained build operations Thread 33"        [_thread_blocked, id=21372, stack(0x000000453e200000,0x000000453e300000) (1024K)]
  0x0000017b58bcef70 JavaThread "Unconstrained build operations Thread 34"        [_thread_blocked, id=13600, stack(0x000000453e300000,0x000000453e400000) (1024K)]
  0x0000017b58bd1040 JavaThread "Unconstrained build operations Thread 35"        [_thread_blocked, id=11736, stack(0x000000453e400000,0x000000453e500000) (1024K)]
  0x0000017b58bcdbc0 JavaThread "Unconstrained build operations Thread 36"        [_thread_blocked, id=21140, stack(0x000000453e500000,0x000000453e600000) (1024K)]
  0x0000017b58bd0320 JavaThread "Unconstrained build operations Thread 37"        [_thread_blocked, id=6568, stack(0x000000453e600000,0x000000453e700000) (1024K)]
  0x0000017b58bce250 JavaThread "Unconstrained build operations Thread 38"        [_thread_blocked, id=16476, stack(0x000000453e700000,0x000000453e800000) (1024K)]
  0x0000017b58bcfc90 JavaThread "Unconstrained build operations Thread 39"        [_thread_blocked, id=18956, stack(0x000000453e800000,0x000000453e900000) (1024K)]
  0x0000017b58bd16d0 JavaThread "Unconstrained build operations Thread 40"        [_thread_blocked, id=21336, stack(0x000000453e900000,0x000000453ea00000) (1024K)]
  0x0000017b58bd09b0 JavaThread "Unconstrained build operations Thread 41"        [_thread_blocked, id=1600, stack(0x000000453ea00000,0x000000453eb00000) (1024K)]
  0x0000017b58bcf600 JavaThread "Unconstrained build operations Thread 42"        [_thread_blocked, id=20056, stack(0x000000453eb00000,0x000000453ec00000) (1024K)]
  0x0000017b58bd1d60 JavaThread "Unconstrained build operations Thread 43"        [_thread_blocked, id=21180, stack(0x000000453ec00000,0x000000453ed00000) (1024K)]
  0x0000017b58bce8e0 JavaThread "Unconstrained build operations Thread 44"        [_thread_blocked, id=23284, stack(0x000000453ed00000,0x000000453ee00000) (1024K)]
  0x0000017b58bd4b50 JavaThread "Unconstrained build operations Thread 45"        [_thread_blocked, id=23472, stack(0x000000453ee00000,0x000000453ef00000) (1024K)]
  0x0000017b58bd3110 JavaThread "Unconstrained build operations Thread 46"        [_thread_blocked, id=7220, stack(0x000000453ef00000,0x000000453f000000) (1024K)]
  0x0000017b58bd23f0 JavaThread "Unconstrained build operations Thread 47"        [_thread_blocked, id=14060, stack(0x000000453f000000,0x000000453f100000) (1024K)]
  0x0000017b58bd3e30 JavaThread "Unconstrained build operations Thread 48"        [_thread_blocked, id=19528, stack(0x000000453f100000,0x000000453f200000) (1024K)]
  0x0000017b58bd37a0 JavaThread "Unconstrained build operations Thread 49"        [_thread_blocked, id=14204, stack(0x000000453f200000,0x000000453f300000) (1024K)]
  0x0000017b58bd44c0 JavaThread "Unconstrained build operations Thread 50"        [_thread_blocked, id=10252, stack(0x000000453f300000,0x000000453f400000) (1024K)]
  0x0000017b58bd2a80 JavaThread "Unconstrained build operations Thread 51"        [_thread_blocked, id=14132, stack(0x000000453f400000,0x000000453f500000) (1024K)]
  0x0000017b58bd51e0 JavaThread "Unconstrained build operations Thread 52"        [_thread_blocked, id=20216, stack(0x000000453f500000,0x000000453f600000) (1024K)]
  0x0000017b5ad6c000 JavaThread "Unconstrained build operations Thread 53"        [_thread_blocked, id=10508, stack(0x000000453f600000,0x000000453f700000) (1024K)]
  0x0000017b5ad6b970 JavaThread "Unconstrained build operations Thread 54"        [_thread_blocked, id=12308, stack(0x000000453f700000,0x000000453f800000) (1024K)]
  0x0000017b5ad69210 JavaThread "Unconstrained build operations Thread 55"        [_thread_blocked, id=14128, stack(0x000000453f800000,0x000000453f900000) (1024K)]
  0x0000017b5ad6ac50 JavaThread "Unconstrained build operations Thread 56"        [_thread_blocked, id=12304, stack(0x000000453f900000,0x000000453fa00000) (1024K)]
  0x0000017b5ad68b80 JavaThread "Unconstrained build operations Thread 57"        [_thread_blocked, id=8580, stack(0x000000453fa00000,0x000000453fb00000) (1024K)]
  0x0000017b5ad6c690 JavaThread "Unconstrained build operations Thread 58"        [_thread_blocked, id=14280, stack(0x000000453fb00000,0x000000453fc00000) (1024K)]
  0x0000017b5ad6b2e0 JavaThread "Unconstrained build operations Thread 59"        [_thread_blocked, id=6280, stack(0x000000453fc00000,0x000000453fd00000) (1024K)]
  0x0000017b5ad6cd20 JavaThread "Unconstrained build operations Thread 60"        [_thread_blocked, id=19812, stack(0x000000453fd00000,0x000000453fe00000) (1024K)]
  0x0000017b5ad6a5c0 JavaThread "Unconstrained build operations Thread 61"        [_thread_blocked, id=18132, stack(0x000000453fe00000,0x000000453ff00000) (1024K)]
  0x0000017b5ad69f30 JavaThread "Unconstrained build operations Thread 62"        [_thread_blocked, id=19600, stack(0x000000453ff00000,0x0000004540000000) (1024K)]
  0x0000017b5ad698a0 JavaThread "Unconstrained build operations Thread 63"        [_thread_blocked, id=4432, stack(0x0000004540000000,0x0000004540100000) (1024K)]
  0x0000017b5ad6edf0 JavaThread "Unconstrained build operations Thread 64"        [_thread_blocked, id=21072, stack(0x0000004540100000,0x0000004540200000) (1024K)]
  0x0000017b5ad6fb10 JavaThread "Unconstrained build operations Thread 65"        [_thread_blocked, id=3644, stack(0x0000004540200000,0x0000004540300000) (1024K)]
  0x0000017b5ad701a0 JavaThread "Unconstrained build operations Thread 66"        [_thread_blocked, id=13516, stack(0x0000004540300000,0x0000004540400000) (1024K)]
  0x0000017b5ad6f480 JavaThread "Unconstrained build operations Thread 67"        [_thread_blocked, id=17900, stack(0x0000004540400000,0x0000004540500000) (1024K)]
  0x0000017b5ad6d3b0 JavaThread "Unconstrained build operations Thread 68"        [_thread_blocked, id=9772, stack(0x0000004540500000,0x0000004540600000) (1024K)]
  0x0000017b5ad6da40 JavaThread "Unconstrained build operations Thread 69"        [_thread_blocked, id=1928, stack(0x0000004540600000,0x0000004540700000) (1024K)]
  0x0000017b5ad6e0d0 JavaThread "Unconstrained build operations Thread 70"        [_thread_blocked, id=23060, stack(0x0000004540700000,0x0000004540800000) (1024K)]
  0x0000017b5ad6e760 JavaThread "Unconstrained build operations Thread 71"        [_thread_blocked, id=6972, stack(0x0000004540800000,0x0000004540900000) (1024K)]
  0x0000017b5bc6e8b0 JavaThread "Unconstrained build operations Thread 72"        [_thread_blocked, id=21532, stack(0x0000004540900000,0x0000004540a00000) (1024K)]
  0x0000017b5bc6ce70 JavaThread "Unconstrained build operations Thread 73"        [_thread_blocked, id=21456, stack(0x0000004540a00000,0x0000004540b00000) (1024K)]
  0x0000017b5bc6d500 JavaThread "Unconstrained build operations Thread 74"        [_thread_blocked, id=13216, stack(0x0000004540b00000,0x0000004540c00000) (1024K)]
  0x0000017b5bc6e220 JavaThread "Unconstrained build operations Thread 75"        [_thread_blocked, id=14668, stack(0x0000004540c00000,0x0000004540d00000) (1024K)]
  0x0000017b5bc6db90 JavaThread "Unconstrained build operations Thread 76"        [_thread_blocked, id=20632, stack(0x0000004540d00000,0x0000004540e00000) (1024K)]
  0x0000017b5bc6bac0 JavaThread "Unconstrained build operations Thread 77"        [_thread_blocked, id=22004, stack(0x0000004540e00000,0x0000004540f00000) (1024K)]
  0x0000017b5bc6b430 JavaThread "Unconstrained build operations Thread 78"        [_thread_blocked, id=21044, stack(0x0000004540f00000,0x0000004541000000) (1024K)]
  0x0000017b56676230 JavaThread "C2 CompilerThread1"         daemon [_thread_in_native, id=20284, stack(0x0000004539200000,0x0000004539300000) (1024K)]
  0x0000017b56677d70 JavaThread "C2 CompilerThread2"         daemon [_thread_in_native, id=8892, stack(0x0000004539a00000,0x0000004539b00000) (1024K)]
=>0x0000017b56674dc0 JavaThread "C2 CompilerThread3"         daemon [_thread_in_native, id=464, stack(0x000000453b100000,0x000000453b200000) (1024K)]
Total: 121

Other Threads:
  0x0000017b4f309550 VMThread "VM Thread"                           [id=21780, stack(0x0000004538600000,0x0000004538700000) (1024K)]
  0x0000017b4f2909d0 WatcherThread "VM Periodic Task Thread"        [id=20676, stack(0x0000004538500000,0x0000004538600000) (1024K)]
  0x0000017b36fe26c0 WorkerThread "GC Thread#0"                     [id=5472, stack(0x0000004538000000,0x0000004538100000) (1024K)]
  0x0000017b4fb6d3a0 WorkerThread "GC Thread#1"                     [id=9044, stack(0x0000004539400000,0x0000004539500000) (1024K)]
  0x0000017b4fb6d740 WorkerThread "GC Thread#2"                     [id=20708, stack(0x0000004539500000,0x0000004539600000) (1024K)]
  0x0000017b4fc798c0 WorkerThread "GC Thread#3"                     [id=22164, stack(0x0000004539600000,0x0000004539700000) (1024K)]
  0x0000017b4fc79c60 WorkerThread "GC Thread#4"                     [id=21392, stack(0x0000004539700000,0x0000004539800000) (1024K)]
  0x0000017b54acac10 WorkerThread "GC Thread#5"                     [id=15564, stack(0x000000453a300000,0x000000453a400000) (1024K)]
  0x0000017b54d09f00 WorkerThread "GC Thread#6"                     [id=11428, stack(0x000000453a400000,0x000000453a500000) (1024K)]
  0x0000017b54d0a2a0 WorkerThread "GC Thread#7"                     [id=18684, stack(0x000000453a500000,0x000000453a600000) (1024K)]
  0x0000017b54d7ff00 WorkerThread "GC Thread#8"                     [id=21008, stack(0x000000453a600000,0x000000453a700000) (1024K)]
  0x0000017b54d81860 WorkerThread "GC Thread#9"                     [id=13584, stack(0x000000453a700000,0x000000453a800000) (1024K)]
  0x0000017b54d809e0 WorkerThread "GC Thread#10"                    [id=19196, stack(0x000000453a800000,0x000000453a900000) (1024K)]
  0x0000017b54d80640 WorkerThread "GC Thread#11"                    [id=12984, stack(0x000000453a900000,0x000000453aa00000) (1024K)]
  0x0000017b54d80d80 WorkerThread "GC Thread#12"                    [id=18396, stack(0x000000453aa00000,0x000000453ab00000) (1024K)]
  0x0000017b36ff35b0 ConcurrentGCThread "G1 Main Marker"            [id=16316, stack(0x0000004538100000,0x0000004538200000) (1024K)]
  0x0000017b36ff4e10 WorkerThread "G1 Conc#0"                       [id=18540, stack(0x0000004538200000,0x0000004538300000) (1024K)]
  0x0000017b54d814c0 WorkerThread "G1 Conc#1"                       [id=21524, stack(0x000000453ab00000,0x000000453ac00000) (1024K)]
  0x0000017b54d81120 WorkerThread "G1 Conc#2"                       [id=10256, stack(0x000000453ac00000,0x000000453ad00000) (1024K)]
  0x0000017b4f0f1340 ConcurrentGCThread "G1 Refine#0"               [id=7020, stack(0x0000004538300000,0x0000004538400000) (1024K)]
  0x0000017b4f0f2b70 ConcurrentGCThread "G1 Service"                [id=23132, stack(0x0000004538400000,0x0000004538500000) (1024K)]
Total: 21

Threads with active compile tasks:
C2 CompilerThread1  21186 10414       4       java.nio.file.Files::readAttributes (11 bytes)
C2 CompilerThread2  21186 10428       4       org.jetbrains.kotlin.cli.jvm.compiler.jarfs.ZipImplementationKt::parseCentralDirectory (105 bytes)
C2 CompilerThread3  21186 10398 % !   4       org.jetbrains.kotlin.cli.jvm.compiler.jarfs.FastJarHandler::<init> @ 204 (551 bytes)
Total: 3

VM state: not at safepoint (normal execution)

VM Mutex/Monitor currently owned by a thread: None

Heap address: 0x0000000080000000, size: 2048 MB, Compressed Oops mode: 32-bit

CDS archive(s) not mapped
Compressed class space mapped at: 0x0000000100000000-0x0000000140000000, reserved size: 1073741824
Narrow klass base: 0x0000000000000000, Narrow klass shift: 3, Narrow klass range: 0x140000000

GC Precious Log:
 CardTable entry size: 512
 Card Set container configuration: InlinePtr #cards 5 size 8 Array Of Cards #cards 12 size 40 Howl #buckets 4 coarsen threshold 1843 Howl Bitmap #cards 512 size 80 coarsen threshold 460 Card regions per heap region 1 cards per card region 2048
 CPUs: 16 total, 16 available
 Memory: 15772M
 Large Page Support: Disabled
 NUMA Support: Disabled
 Compressed Oops: Enabled (32-bit)
 Heap Region Size: 1M
 Heap Min Capacity: 8M
 Heap Initial Capacity: 248M
 Heap Max Capacity: 2G
 Pre-touch: Disabled
 Parallel Workers: 13
 Concurrent Workers: 3
 Concurrent Refinement Workers: 13
 Periodic GC: Disabled

Heap:
 garbage-first heap   total 179200K, used 160126K [0x0000000080000000, 0x0000000100000000)
  region size 1024K, 104 young (106496K), 7 survivors (7168K)
 Metaspace       used 88410K, committed 90432K, reserved 1179648K
  class space    used 12723K, committed 13696K, reserved 1048576K

Heap Regions: E=young(eden), S=young(survivor), O=old, HS=humongous(starts), HC=humongous(continues), CS=collection set, F=free, TAMS=top-at-mark-start, PB=parsable bottom
|   0|0x0000000080000000, 0x0000000080100000, 0x0000000080100000|100%|HS|  |TAMS 0x0000000080000000| PB 0x0000000080000000| Complete 
|   1|0x0000000080100000, 0x0000000080200000, 0x0000000080200000|100%|HC|  |TAMS 0x0000000080100000| PB 0x0000000080100000| Complete 
|   2|0x0000000080200000, 0x0000000080300000, 0x0000000080300000|100%|HC|  |TAMS 0x0000000080200000| PB 0x0000000080200000| Complete 
|   3|0x0000000080300000, 0x0000000080400000, 0x0000000080400000|100%| O|  |TAMS 0x0000000080300000| PB 0x0000000080300000| Untracked 
|   4|0x0000000080400000, 0x0000000080500000, 0x0000000080500000|100%| O|  |TAMS 0x0000000080400000| PB 0x0000000080400000| Untracked 
|   5|0x0000000080500000, 0x0000000080600000, 0x0000000080600000|100%| O|  |TAMS 0x0000000080500000| PB 0x0000000080500000| Untracked 
|   6|0x0000000080600000, 0x0000000080700000, 0x0000000080700000|100%|HS|  |TAMS 0x0000000080600000| PB 0x0000000080600000| Complete 
|   7|0x0000000080700000, 0x0000000080800000, 0x0000000080800000|100%| O|Cm|TAMS 0x0000000080700000| PB 0x0000000080700000| Complete 
|   8|0x0000000080800000, 0x0000000080900000, 0x0000000080900000|100%| O|  |TAMS 0x0000000080800000| PB 0x0000000080800000| Untracked 
|   9|0x0000000080900000, 0x0000000080a00000, 0x0000000080a00000|100%| O|  |TAMS 0x0000000080900000| PB 0x0000000080900000| Untracked 
|  10|0x0000000080a00000, 0x0000000080b00000, 0x0000000080b00000|100%| O|  |TAMS 0x0000000080a00000| PB 0x0000000080a00000| Untracked 
|  11|0x0000000080b00000, 0x0000000080c00000, 0x0000000080c00000|100%| O|  |TAMS 0x0000000080b00000| PB 0x0000000080b00000| Untracked 
|  12|0x0000000080c00000, 0x0000000080d00000, 0x0000000080d00000|100%| O|  |TAMS 0x0000000080c00000| PB 0x0000000080c00000| Untracked 
|  13|0x0000000080d00000, 0x0000000080e00000, 0x0000000080e00000|100%| O|  |TAMS 0x0000000080d00000| PB 0x0000000080d00000| Untracked 
|  14|0x0000000080e00000, 0x0000000080f00000, 0x0000000080f00000|100%| O|  |TAMS 0x0000000080e00000| PB 0x0000000080e00000| Untracked 
|  15|0x0000000080f00000, 0x0000000081000000, 0x0000000081000000|100%| O|  |TAMS 0x0000000080f00000| PB 0x0000000080f00000| Untracked 
|  16|0x0000000081000000, 0x0000000081100000, 0x0000000081100000|100%| O|  |TAMS 0x0000000081000000| PB 0x0000000081000000| Untracked 
|  17|0x0000000081100000, 0x0000000081200000, 0x0000000081200000|100%| O|  |TAMS 0x0000000081100000| PB 0x0000000081100000| Untracked 
|  18|0x0000000081200000, 0x0000000081300000, 0x0000000081300000|100%| O|  |TAMS 0x0000000081200000| PB 0x0000000081200000| Untracked 
|  19|0x0000000081300000, 0x0000000081400000, 0x0000000081400000|100%| O|  |TAMS 0x0000000081300000| PB 0x0000000081300000| Untracked 
|  20|0x0000000081400000, 0x0000000081500000, 0x0000000081500000|100%| O|  |TAMS 0x0000000081400000| PB 0x0000000081400000| Untracked 
|  21|0x0000000081500000, 0x0000000081600000, 0x0000000081600000|100%| O|  |TAMS 0x0000000081500000| PB 0x0000000081500000| Untracked 
|  22|0x0000000081600000, 0x0000000081700000, 0x0000000081700000|100%| O|  |TAMS 0x0000000081600000| PB 0x0000000081600000| Untracked 
|  23|0x0000000081700000, 0x0000000081800000, 0x0000000081800000|100%| O|  |TAMS 0x0000000081700000| PB 0x0000000081700000| Untracked 
|  24|0x0000000081800000, 0x0000000081900000, 0x0000000081900000|100%|HS|  |TAMS 0x0000000081800000| PB 0x0000000081800000| Complete 
|  25|0x0000000081900000, 0x0000000081a00000, 0x0000000081a00000|100%|HC|  |TAMS 0x0000000081900000| PB 0x0000000081900000| Complete 
|  26|0x0000000081a00000, 0x0000000081b00000, 0x0000000081b00000|100%| O|  |TAMS 0x0000000081a00000| PB 0x0000000081a00000| Untracked 
|  27|0x0000000081b00000, 0x0000000081c00000, 0x0000000081c00000|100%| O|  |TAMS 0x0000000081b00000| PB 0x0000000081b00000| Untracked 
|  28|0x0000000081c00000, 0x0000000081d00000, 0x0000000081d00000|100%| O|  |TAMS 0x0000000081c00000| PB 0x0000000081c00000| Untracked 
|  29|0x0000000081d00000, 0x0000000081e00000, 0x0000000081e00000|100%| O|  |TAMS 0x0000000081d00000| PB 0x0000000081d00000| Untracked 
|  30|0x0000000081e00000, 0x0000000081f00000, 0x0000000081f00000|100%| O|  |TAMS 0x0000000081e00000| PB 0x0000000081e00000| Untracked 
|  31|0x0000000081f00000, 0x0000000082000000, 0x0000000082000000|100%| O|  |TAMS 0x0000000081f00000| PB 0x0000000081f00000| Untracked 
|  32|0x0000000082000000, 0x0000000082100000, 0x0000000082100000|100%| O|  |TAMS 0x0000000082000000| PB 0x0000000082000000| Untracked 
|  33|0x0000000082100000, 0x0000000082200000, 0x0000000082200000|100%| O|  |TAMS 0x0000000082100000| PB 0x0000000082100000| Untracked 
|  34|0x0000000082200000, 0x0000000082300000, 0x0000000082300000|100%| O|  |TAMS 0x0000000082200000| PB 0x0000000082200000| Untracked 
|  35|0x0000000082300000, 0x0000000082400000, 0x0000000082400000|100%| O|  |TAMS 0x0000000082300000| PB 0x0000000082300000| Untracked 
|  36|0x0000000082400000, 0x0000000082500000, 0x0000000082500000|100%| O|  |TAMS 0x0000000082400000| PB 0x0000000082400000| Untracked 
|  37|0x0000000082500000, 0x0000000082600000, 0x0000000082600000|100%| O|  |TAMS 0x0000000082500000| PB 0x0000000082500000| Untracked 
|  38|0x0000000082600000, 0x0000000082700000, 0x0000000082700000|100%| O|  |TAMS 0x0000000082600000| PB 0x0000000082600000| Untracked 
|  39|0x0000000082700000, 0x0000000082800000, 0x0000000082800000|100%| O|  |TAMS 0x0000000082700000| PB 0x0000000082700000| Untracked 
|  40|0x0000000082800000, 0x0000000082900000, 0x0000000082900000|100%| O|  |TAMS 0x0000000082800000| PB 0x0000000082800000| Untracked 
|  41|0x0000000082900000, 0x0000000082a00000, 0x0000000082a00000|100%| O|  |TAMS 0x0000000082900000| PB 0x0000000082900000| Untracked 
|  42|0x0000000082a00000, 0x0000000082b00000, 0x0000000082b00000|100%| O|Cm|TAMS 0x0000000082a00000| PB 0x0000000082a00000| Complete 
|  43|0x0000000082b00000, 0x0000000082c00000, 0x0000000082c00000|100%| O|  |TAMS 0x0000000082b00000| PB 0x0000000082b00000| Untracked 
|  44|0x0000000082c00000, 0x0000000082d00000, 0x0000000082d00000|100%| O|  |TAMS 0x0000000082c00000| PB 0x0000000082c00000| Untracked 
|  45|0x0000000082d00000, 0x0000000082e00000, 0x0000000082e00000|100%| O|  |TAMS 0x0000000082d00000| PB 0x0000000082d00000| Untracked 
|  46|0x0000000082e00000, 0x0000000082f00000, 0x0000000082f00000|100%| O|  |TAMS 0x0000000082e00000| PB 0x0000000082e00000| Untracked 
|  47|0x0000000082f00000, 0x0000000082fe9fc0, 0x0000000083000000| 91%| O|  |TAMS 0x0000000082f00000| PB 0x0000000082f00000| Untracked 
|  48|0x0000000083000000, 0x0000000083100000, 0x0000000083100000|100%| S|CS|TAMS 0x0000000083000000| PB 0x0000000083000000| Complete 
|  49|0x0000000083100000, 0x0000000083200000, 0x0000000083200000|100%| O|  |TAMS 0x0000000083100000| PB 0x0000000083100000| Untracked 
|  50|0x0000000083200000, 0x0000000083300000, 0x0000000083300000|100%| S|CS|TAMS 0x0000000083200000| PB 0x0000000083200000| Complete 
|  51|0x0000000083300000, 0x0000000083400000, 0x0000000083400000|100%| S|CS|TAMS 0x0000000083300000| PB 0x0000000083300000| Complete 
|  52|0x0000000083400000, 0x0000000083500000, 0x0000000083500000|100%| S|CS|TAMS 0x0000000083400000| PB 0x0000000083400000| Complete 
|  53|0x0000000083500000, 0x0000000083600000, 0x0000000083600000|100%| S|CS|TAMS 0x0000000083500000| PB 0x0000000083500000| Complete 
|  54|0x0000000083600000, 0x0000000083600000, 0x0000000083700000|  0%| F|  |TAMS 0x0000000083600000| PB 0x0000000083600000| Untracked 
|  55|0x0000000083700000, 0x0000000083700000, 0x0000000083800000|  0%| F|  |TAMS 0x0000000083700000| PB 0x0000000083700000| Untracked 
|  56|0x0000000083800000, 0x0000000083800000, 0x0000000083900000|  0%| F|  |TAMS 0x0000000083800000| PB 0x0000000083800000| Untracked 
|  57|0x0000000083900000, 0x0000000083900000, 0x0000000083a00000|  0%| F|  |TAMS 0x0000000083900000| PB 0x0000000083900000| Untracked 
|  58|0x0000000083a00000, 0x0000000083a00000, 0x0000000083b00000|  0%| F|  |TAMS 0x0000000083a00000| PB 0x0000000083a00000| Untracked 
|  59|0x0000000083b00000, 0x0000000083c00000, 0x0000000083c00000|100%| S|CS|TAMS 0x0000000083b00000| PB 0x0000000083b00000| Complete 
|  60|0x0000000083c00000, 0x0000000083c00000, 0x0000000083d00000|  0%| F|  |TAMS 0x0000000083c00000| PB 0x0000000083c00000| Untracked 
|  61|0x0000000083d00000, 0x0000000083d00000, 0x0000000083e00000|  0%| F|  |TAMS 0x0000000083d00000| PB 0x0000000083d00000| Untracked 
|  62|0x0000000083e00000, 0x0000000083e00000, 0x0000000083f00000|  0%| F|  |TAMS 0x0000000083e00000| PB 0x0000000083e00000| Untracked 
|  63|0x0000000083f00000, 0x0000000083f00000, 0x0000000084000000|  0%| F|  |TAMS 0x0000000083f00000| PB 0x0000000083f00000| Untracked 
|  64|0x0000000084000000, 0x0000000084000000, 0x0000000084100000|  0%| F|  |TAMS 0x0000000084000000| PB 0x0000000084000000| Untracked 
|  65|0x0000000084100000, 0x0000000084100000, 0x0000000084200000|  0%| F|  |TAMS 0x0000000084100000| PB 0x0000000084100000| Untracked 
|  66|0x0000000084200000, 0x0000000084200000, 0x0000000084300000|  0%| F|  |TAMS 0x0000000084200000| PB 0x0000000084200000| Untracked 
|  67|0x0000000084300000, 0x0000000084300000, 0x0000000084400000|  0%| F|  |TAMS 0x0000000084300000| PB 0x0000000084300000| Untracked 
|  68|0x0000000084400000, 0x0000000084400000, 0x0000000084500000|  0%| F|  |TAMS 0x0000000084400000| PB 0x0000000084400000| Untracked 
|  69|0x0000000084500000, 0x0000000084500000, 0x0000000084600000|  0%| F|  |TAMS 0x0000000084500000| PB 0x0000000084500000| Untracked 
|  70|0x0000000084600000, 0x0000000084600000, 0x0000000084700000|  0%| F|  |TAMS 0x0000000084600000| PB 0x0000000084600000| Untracked 
|  71|0x0000000084700000, 0x0000000084780000, 0x0000000084800000| 50%| E|  |TAMS 0x0000000084700000| PB 0x0000000084700000| Complete 
|  72|0x0000000084800000, 0x0000000084900000, 0x0000000084900000|100%| E|CS|TAMS 0x0000000084800000| PB 0x0000000084800000| Complete 
|  73|0x0000000084900000, 0x0000000084a00000, 0x0000000084a00000|100%| E|CS|TAMS 0x0000000084900000| PB 0x0000000084900000| Complete 
|  74|0x0000000084a00000, 0x0000000084b00000, 0x0000000084b00000|100%| E|CS|TAMS 0x0000000084a00000| PB 0x0000000084a00000| Complete 
|  75|0x0000000084b00000, 0x0000000084c00000, 0x0000000084c00000|100%| E|CS|TAMS 0x0000000084b00000| PB 0x0000000084b00000| Complete 
|  76|0x0000000084c00000, 0x0000000084d00000, 0x0000000084d00000|100%| E|CS|TAMS 0x0000000084c00000| PB 0x0000000084c00000| Complete 
|  77|0x0000000084d00000, 0x0000000084e00000, 0x0000000084e00000|100%| E|CS|TAMS 0x0000000084d00000| PB 0x0000000084d00000| Complete 
|  78|0x0000000084e00000, 0x0000000084f00000, 0x0000000084f00000|100%| E|CS|TAMS 0x0000000084e00000| PB 0x0000000084e00000| Complete 
|  79|0x0000000084f00000, 0x0000000085000000, 0x0000000085000000|100%| E|CS|TAMS 0x0000000084f00000| PB 0x0000000084f00000| Complete 
|  80|0x0000000085000000, 0x0000000085100000, 0x0000000085100000|100%| E|CS|TAMS 0x0000000085000000| PB 0x0000000085000000| Complete 
|  81|0x0000000085100000, 0x0000000085200000, 0x0000000085200000|100%| E|CS|TAMS 0x0000000085100000| PB 0x0000000085100000| Complete 
|  82|0x0000000085200000, 0x0000000085300000, 0x0000000085300000|100%| E|CS|TAMS 0x0000000085200000| PB 0x0000000085200000| Complete 
|  83|0x0000000085300000, 0x0000000085400000, 0x0000000085400000|100%| E|CS|TAMS 0x0000000085300000| PB 0x0000000085300000| Complete 
|  84|0x0000000085400000, 0x0000000085500000, 0x0000000085500000|100%| E|CS|TAMS 0x0000000085400000| PB 0x0000000085400000| Complete 
|  85|0x0000000085500000, 0x0000000085600000, 0x0000000085600000|100%| E|CS|TAMS 0x0000000085500000| PB 0x0000000085500000| Complete 
|  86|0x0000000085600000, 0x0000000085700000, 0x0000000085700000|100%| E|CS|TAMS 0x0000000085600000| PB 0x0000000085600000| Complete 
|  87|0x0000000085700000, 0x0000000085800000, 0x0000000085800000|100%| E|CS|TAMS 0x0000000085700000| PB 0x0000000085700000| Complete 
|  88|0x0000000085800000, 0x0000000085900000, 0x0000000085900000|100%| E|CS|TAMS 0x0000000085800000| PB 0x0000000085800000| Complete 
|  89|0x0000000085900000, 0x0000000085a00000, 0x0000000085a00000|100%| E|CS|TAMS 0x0000000085900000| PB 0x0000000085900000| Complete 
|  90|0x0000000085a00000, 0x0000000085b00000, 0x0000000085b00000|100%| E|CS|TAMS 0x0000000085a00000| PB 0x0000000085a00000| Complete 
|  91|0x0000000085b00000, 0x0000000085c00000, 0x0000000085c00000|100%| E|CS|TAMS 0x0000000085b00000| PB 0x0000000085b00000| Complete 
|  92|0x0000000085c00000, 0x0000000085d00000, 0x0000000085d00000|100%| E|CS|TAMS 0x0000000085c00000| PB 0x0000000085c00000| Complete 
|  93|0x0000000085d00000, 0x0000000085e00000, 0x0000000085e00000|100%| E|CS|TAMS 0x0000000085d00000| PB 0x0000000085d00000| Complete 
|  94|0x0000000085e00000, 0x0000000085f00000, 0x0000000085f00000|100%| E|CS|TAMS 0x0000000085e00000| PB 0x0000000085e00000| Complete 
|  95|0x0000000085f00000, 0x0000000086000000, 0x0000000086000000|100%| E|CS|TAMS 0x0000000085f00000| PB 0x0000000085f00000| Complete 
|  96|0x0000000086000000, 0x0000000086100000, 0x0000000086100000|100%| E|CS|TAMS 0x0000000086000000| PB 0x0000000086000000| Complete 
|  97|0x0000000086100000, 0x0000000086200000, 0x0000000086200000|100%| E|CS|TAMS 0x0000000086100000| PB 0x0000000086100000| Complete 
|  98|0x0000000086200000, 0x0000000086300000, 0x0000000086300000|100%| E|CS|TAMS 0x0000000086200000| PB 0x0000000086200000| Complete 
|  99|0x0000000086300000, 0x0000000086400000, 0x0000000086400000|100%| E|CS|TAMS 0x0000000086300000| PB 0x0000000086300000| Complete 
| 100|0x0000000086400000, 0x0000000086500000, 0x0000000086500000|100%| E|CS|TAMS 0x0000000086400000| PB 0x0000000086400000| Complete 
| 101|0x0000000086500000, 0x0000000086600000, 0x0000000086600000|100%| E|CS|TAMS 0x0000000086500000| PB 0x0000000086500000| Complete 
| 102|0x0000000086600000, 0x0000000086700000, 0x0000000086700000|100%| E|CS|TAMS 0x0000000086600000| PB 0x0000000086600000| Complete 
| 103|0x0000000086700000, 0x0000000086800000, 0x0000000086800000|100%| E|CS|TAMS 0x0000000086700000| PB 0x0000000086700000| Complete 
| 104|0x0000000086800000, 0x0000000086900000, 0x0000000086900000|100%| E|CS|TAMS 0x0000000086800000| PB 0x0000000086800000| Complete 
| 105|0x0000000086900000, 0x0000000086a00000, 0x0000000086a00000|100%| E|CS|TAMS 0x0000000086900000| PB 0x0000000086900000| Complete 
| 106|0x0000000086a00000, 0x0000000086b00000, 0x0000000086b00000|100%| E|CS|TAMS 0x0000000086a00000| PB 0x0000000086a00000| Complete 
| 107|0x0000000086b00000, 0x0000000086c00000, 0x0000000086c00000|100%| E|CS|TAMS 0x0000000086b00000| PB 0x0000000086b00000| Complete 
| 108|0x0000000086c00000, 0x0000000086d00000, 0x0000000086d00000|100%| E|CS|TAMS 0x0000000086c00000| PB 0x0000000086c00000| Complete 
| 109|0x0000000086d00000, 0x0000000086e00000, 0x0000000086e00000|100%| E|CS|TAMS 0x0000000086d00000| PB 0x0000000086d00000| Complete 
| 110|0x0000000086e00000, 0x0000000086f00000, 0x0000000086f00000|100%| E|CS|TAMS 0x0000000086e00000| PB 0x0000000086e00000| Complete 
| 111|0x0000000086f00000, 0x0000000087000000, 0x0000000087000000|100%| E|CS|TAMS 0x0000000086f00000| PB 0x0000000086f00000| Complete 
| 112|0x0000000087000000, 0x0000000087100000, 0x0000000087100000|100%| E|CS|TAMS 0x0000000087000000| PB 0x0000000087000000| Complete 
| 113|0x0000000087100000, 0x0000000087200000, 0x0000000087200000|100%| E|CS|TAMS 0x0000000087100000| PB 0x0000000087100000| Complete 
| 114|0x0000000087200000, 0x0000000087300000, 0x0000000087300000|100%| E|CS|TAMS 0x0000000087200000| PB 0x0000000087200000| Complete 
| 115|0x0000000087300000, 0x0000000087400000, 0x0000000087400000|100%| E|CS|TAMS 0x0000000087300000| PB 0x0000000087300000| Complete 
| 116|0x0000000087400000, 0x0000000087500000, 0x0000000087500000|100%| E|CS|TAMS 0x0000000087400000| PB 0x0000000087400000| Complete 
| 117|0x0000000087500000, 0x0000000087600000, 0x0000000087600000|100%| E|CS|TAMS 0x0000000087500000| PB 0x0000000087500000| Complete 
| 118|0x0000000087600000, 0x0000000087700000, 0x0000000087700000|100%| E|CS|TAMS 0x0000000087600000| PB 0x0000000087600000| Complete 
| 119|0x0000000087700000, 0x0000000087800000, 0x0000000087800000|100%| E|CS|TAMS 0x0000000087700000| PB 0x0000000087700000| Complete 
| 120|0x0000000087800000, 0x0000000087900000, 0x0000000087900000|100%| E|CS|TAMS 0x0000000087800000| PB 0x0000000087800000| Complete 
| 121|0x0000000087900000, 0x0000000087a00000, 0x0000000087a00000|100%| E|CS|TAMS 0x0000000087900000| PB 0x0000000087900000| Complete 
| 122|0x0000000087a00000, 0x0000000087a75940, 0x0000000087b00000| 45%| E|CS|TAMS 0x0000000087a00000| PB 0x0000000087a00000| Complete 
| 123|0x0000000087b00000, 0x0000000087c00000, 0x0000000087c00000|100%| E|CS|TAMS 0x0000000087b00000| PB 0x0000000087b00000| Complete 
| 124|0x0000000087c00000, 0x0000000087d00000, 0x0000000087d00000|100%| E|CS|TAMS 0x0000000087c00000| PB 0x0000000087c00000| Complete 
| 125|0x0000000087d00000, 0x0000000087e00000, 0x0000000087e00000|100%| E|CS|TAMS 0x0000000087d00000| PB 0x0000000087d00000| Complete 
| 126|0x0000000087e00000, 0x0000000087f00000, 0x0000000087f00000|100%| E|CS|TAMS 0x0000000087e00000| PB 0x0000000087e00000| Complete 
| 127|0x0000000087f00000, 0x0000000088000000, 0x0000000088000000|100%| E|CS|TAMS 0x0000000087f00000| PB 0x0000000087f00000| Complete 
| 128|0x0000000088000000, 0x0000000088100000, 0x0000000088100000|100%| E|CS|TAMS 0x0000000088000000| PB 0x0000000088000000| Complete 
| 129|0x0000000088100000, 0x0000000088200000, 0x0000000088200000|100%| E|CS|TAMS 0x0000000088100000| PB 0x0000000088100000| Complete 
| 130|0x0000000088200000, 0x0000000088300000, 0x0000000088300000|100%| E|CS|TAMS 0x0000000088200000| PB 0x0000000088200000| Complete 
| 131|0x0000000088300000, 0x0000000088400000, 0x0000000088400000|100%| E|CS|TAMS 0x0000000088300000| PB 0x0000000088300000| Complete 
| 132|0x0000000088400000, 0x0000000088500000, 0x0000000088500000|100%| E|CS|TAMS 0x0000000088400000| PB 0x0000000088400000| Complete 
| 133|0x0000000088500000, 0x0000000088600000, 0x0000000088600000|100%| E|CS|TAMS 0x0000000088500000| PB 0x0000000088500000| Complete 
| 134|0x0000000088600000, 0x0000000088700000, 0x0000000088700000|100%| E|CS|TAMS 0x0000000088600000| PB 0x0000000088600000| Complete 
| 135|0x0000000088700000, 0x0000000088800000, 0x0000000088800000|100%| E|CS|TAMS 0x0000000088700000| PB 0x0000000088700000| Complete 
| 136|0x0000000088800000, 0x0000000088900000, 0x0000000088900000|100%| E|CS|TAMS 0x0000000088800000| PB 0x0000000088800000| Complete 
| 137|0x0000000088900000, 0x0000000088a00000, 0x0000000088a00000|100%| E|CS|TAMS 0x0000000088900000| PB 0x0000000088900000| Complete 
| 138|0x0000000088a00000, 0x0000000088b00000, 0x0000000088b00000|100%| E|CS|TAMS 0x0000000088a00000| PB 0x0000000088a00000| Complete 
| 139|0x0000000088b00000, 0x0000000088c00000, 0x0000000088c00000|100%| E|CS|TAMS 0x0000000088b00000| PB 0x0000000088b00000| Complete 
| 140|0x0000000088c00000, 0x0000000088d00000, 0x0000000088d00000|100%| E|CS|TAMS 0x0000000088c00000| PB 0x0000000088c00000| Complete 
| 141|0x0000000088d00000, 0x0000000088e00000, 0x0000000088e00000|100%| E|CS|TAMS 0x0000000088d00000| PB 0x0000000088d00000| Complete 
| 142|0x0000000088e00000, 0x0000000088f00000, 0x0000000088f00000|100%| E|CS|TAMS 0x0000000088e00000| PB 0x0000000088e00000| Complete 
| 143|0x0000000088f00000, 0x0000000089000000, 0x0000000089000000|100%| E|CS|TAMS 0x0000000088f00000| PB 0x0000000088f00000| Complete 
| 144|0x0000000089000000, 0x0000000089100000, 0x0000000089100000|100%| E|CS|TAMS 0x0000000089000000| PB 0x0000000089000000| Complete 
| 145|0x0000000089100000, 0x0000000089200000, 0x0000000089200000|100%| E|CS|TAMS 0x0000000089100000| PB 0x0000000089100000| Complete 
| 146|0x0000000089200000, 0x0000000089300000, 0x0000000089300000|100%| E|CS|TAMS 0x0000000089200000| PB 0x0000000089200000| Complete 
| 147|0x0000000089300000, 0x0000000089400000, 0x0000000089400000|100%| E|CS|TAMS 0x0000000089300000| PB 0x0000000089300000| Complete 
| 148|0x0000000089400000, 0x0000000089500000, 0x0000000089500000|100%| E|CS|TAMS 0x0000000089400000| PB 0x0000000089400000| Complete 
| 149|0x0000000089500000, 0x0000000089600000, 0x0000000089600000|100%| E|CS|TAMS 0x0000000089500000| PB 0x0000000089500000| Complete 
| 150|0x0000000089600000, 0x0000000089700000, 0x0000000089700000|100%| E|CS|TAMS 0x0000000089600000| PB 0x0000000089600000| Complete 
| 151|0x0000000089700000, 0x0000000089800000, 0x0000000089800000|100%| E|CS|TAMS 0x0000000089700000| PB 0x0000000089700000| Complete 
| 152|0x0000000089800000, 0x0000000089900000, 0x0000000089900000|100%| E|CS|TAMS 0x0000000089800000| PB 0x0000000089800000| Complete 
| 153|0x0000000089900000, 0x0000000089a00000, 0x0000000089a00000|100%| E|CS|TAMS 0x0000000089900000| PB 0x0000000089900000| Complete 
| 154|0x0000000089a00000, 0x0000000089b00000, 0x0000000089b00000|100%| E|CS|TAMS 0x0000000089a00000| PB 0x0000000089a00000| Complete 
| 155|0x0000000089b00000, 0x0000000089c00000, 0x0000000089c00000|100%| E|CS|TAMS 0x0000000089b00000| PB 0x0000000089b00000| Complete 
| 156|0x0000000089c00000, 0x0000000089d00000, 0x0000000089d00000|100%| E|CS|TAMS 0x0000000089c00000| PB 0x0000000089c00000| Complete 
| 157|0x0000000089d00000, 0x0000000089e00000, 0x0000000089e00000|100%| E|CS|TAMS 0x0000000089d00000| PB 0x0000000089d00000| Complete 
| 158|0x0000000089e00000, 0x0000000089f00000, 0x0000000089f00000|100%| E|CS|TAMS 0x0000000089e00000| PB 0x0000000089e00000| Complete 
| 159|0x0000000089f00000, 0x000000008a000000, 0x000000008a000000|100%| E|CS|TAMS 0x0000000089f00000| PB 0x0000000089f00000| Complete 
| 160|0x000000008a000000, 0x000000008a100000, 0x000000008a100000|100%| E|CS|TAMS 0x000000008a000000| PB 0x000000008a000000| Complete 
| 161|0x000000008a100000, 0x000000008a200000, 0x000000008a200000|100%| E|CS|TAMS 0x000000008a100000| PB 0x000000008a100000| Complete 
| 162|0x000000008a200000, 0x000000008a300000, 0x000000008a300000|100%| E|CS|TAMS 0x000000008a200000| PB 0x000000008a200000| Complete 
| 163|0x000000008a300000, 0x000000008a400000, 0x000000008a400000|100%| E|CS|TAMS 0x000000008a300000| PB 0x000000008a300000| Complete 
| 164|0x000000008a400000, 0x000000008a500000, 0x000000008a500000|100%| E|CS|TAMS 0x000000008a400000| PB 0x000000008a400000| Complete 
| 165|0x000000008a500000, 0x000000008a600000, 0x000000008a600000|100%| E|CS|TAMS 0x000000008a500000| PB 0x000000008a500000| Complete 
| 166|0x000000008a600000, 0x000000008a700000, 0x000000008a700000|100%| E|CS|TAMS 0x000000008a600000| PB 0x000000008a600000| Complete 
| 167|0x000000008a700000, 0x000000008a800000, 0x000000008a800000|100%| E|CS|TAMS 0x000000008a700000| PB 0x000000008a700000| Complete 
| 168|0x000000008a800000, 0x000000008a900000, 0x000000008a900000|100%| E|CS|TAMS 0x000000008a800000| PB 0x000000008a800000| Complete 
| 247|0x000000008f700000, 0x000000008f800000, 0x000000008f800000|100%| E|CS|TAMS 0x000000008f700000| PB 0x000000008f700000| Complete 
|2043|0x00000000ffb00000, 0x00000000ffc00000, 0x00000000ffc00000|100%| O|  |TAMS 0x00000000ffb00000| PB 0x00000000ffb00000| Untracked 
|2044|0x00000000ffc00000, 0x00000000ffd00000, 0x00000000ffd00000|100%| O|  |TAMS 0x00000000ffc00000| PB 0x00000000ffc00000| Untracked 
|2045|0x00000000ffd00000, 0x00000000ffe00000, 0x00000000ffe00000|100%| O|  |TAMS 0x00000000ffd00000| PB 0x00000000ffd00000| Untracked 
|2046|0x00000000ffe00000, 0x00000000fff00000, 0x00000000fff00000|100%| O|  |TAMS 0x00000000ffe00000| PB 0x00000000ffe00000| Untracked 
|2047|0x00000000fff00000, 0x0000000100000000, 0x0000000100000000|100%| O|  |TAMS 0x00000000fff00000| PB 0x00000000fff00000| Untracked 

Card table byte_map: [0x0000017b49d70000,0x0000017b4a170000] _byte_map_base: 0x0000017b49970000

Marking Bits: (CMBitMap*) 0x0000017b36fe2cd0
 Bits: [0x0000017b4a170000, 0x0000017b4c170000)

Polling page: 0x0000017b34d80000

Metaspace:

Usage:
  Non-class:     73.91 MB used.
      Class:     12.43 MB used.
       Both:     86.34 MB used.

Virtual space:
  Non-class space:      128.00 MB reserved,      74.94 MB ( 59%) committed,  2 nodes.
      Class space:        1.00 GB reserved,      13.38 MB (  1%) committed,  1 nodes.
             Both:        1.12 GB reserved,      88.31 MB (  8%) committed. 

Chunk freelists:
   Non-Class:  4.98 MB
       Class:  2.54 MB
        Both:  7.52 MB

MaxMetaspaceSize: unlimited
CompressedClassSpaceSize: 1.00 GB
Initial GC threshold: 21.00 MB
Current GC threshold: 140.44 MB
CDS: off
 - commit_granule_bytes: 65536.
 - commit_granule_words: 8192.
 - virtual_space_node_default_size: 8388608.
 - enlarge_chunks_in_place: 1.
 - use_allocation_guard: 0.


Internal statistics:

num_allocs_failed_limit: 9.
num_arena_births: 3732.
num_arena_deaths: 0.
num_vsnodes_births: 3.
num_vsnodes_deaths: 0.
num_space_committed: 1413.
num_space_uncommitted: 0.
num_chunks_returned_to_freelist: 9.
num_chunks_taken_from_freelist: 7427.
num_chunk_merges: 9.
num_chunk_splits: 4936.
num_chunks_enlarged: 3157.
num_inconsistent_stats: 0.

CodeHeap 'non-profiled nmethods': size=119168Kb used=5109Kb max_used=5109Kb free=114058Kb
 bounds [0x0000017b41c90000, 0x0000017b42190000, 0x0000017b490f0000]
CodeHeap 'profiled nmethods': size=119104Kb used=16412Kb max_used=16660Kb free=102691Kb
 bounds [0x0000017b3a0f0000, 0x0000017b3b140000, 0x0000017b41540000]
CodeHeap 'non-nmethods': size=7488Kb used=1945Kb max_used=3681Kb free=5542Kb
 bounds [0x0000017b41540000, 0x0000017b418e0000, 0x0000017b41c90000]
CodeCache: size=245760Kb, used=23466Kb, max_used=25450Kb, free=222291Kb
 total_blobs=9643, nmethods=8812, adapters=735, full_count=0
Compilation: enabled, stopped_count=0, restarted_count=0

Compilation events (20 events):
Event: 18.062 Thread 0x0000017b4f391870 nmethod 10379 0x0000017b42182e10 code [0x0000017b42183220, 0x0000017b42186e40]
Event: 18.064 Thread 0x0000017b56676230 nmethod 10403 0x0000017b42188590 code [0x0000017b42188780, 0x0000017b42189080]
Event: 18.068 Thread 0x0000017b56677d70 nmethod 10410 0x0000017b42189410 code [0x0000017b421895e0, 0x0000017b42189e68]
Event: 18.071 Thread 0x0000017b4f391870 10412  s    4       org.jetbrains.kotlin.cli.jvm.compiler.jarfs.LargeDynamicMappedBuffer::withMappedRange (350 bytes)
Event: 18.080 Thread 0x0000017b4f391870 nmethod 10412 0x0000017b4218a110 code [0x0000017b4218a360, 0x0000017b4218af60]
Event: 18.082 Thread 0x0000017b4f394320 10413 %     3       org.jetbrains.kotlin.cli.jvm.compiler.jarfs.ZipImplementationKt::parseCentralDirectory @ 65 (105 bytes)
Event: 18.083 Thread 0x0000017b4f394320 nmethod 10413% 0x0000017b3a9df990 code [0x0000017b3a9dfd00, 0x0000017b3a9e14c8]
Event: 18.087 Thread 0x0000017b56676230 10414       4       java.nio.file.Files::readAttributes (11 bytes)
Event: 18.088 Thread 0x0000017b4f394320 10415       1       java.nio.DirectByteBuffer::cleaner (5 bytes)
Event: 18.088 Thread 0x0000017b4f394320 nmethod 10415 0x0000017b4218b790 code [0x0000017b4218b920, 0x0000017b4218b9e8]
Event: 18.089 Thread 0x0000017b4f394320 10416       3       org.jetbrains.kotlin.cli.jvm.compiler.jarfs.ZipImplementationKt::parseCentralDirectory (105 bytes)
Event: 18.090 Thread 0x0000017b4f394320 nmethod 10416 0x0000017b3a396310 code [0x0000017b3a396660, 0x0000017b3a397ba8]
Event: 18.548 Thread 0x0000017b4f394320 10417       3       java.lang.management.ManagementFactory$$Lambda/0x0000000100172658::apply (12 bytes)
Event: 18.548 Thread 0x0000017b4f4db900 10418       3       java.lang.management.ManagementFactory::lambda$getPlatformMXBeans$3 (13 bytes)
Event: 18.548 Thread 0x0000017b4f4db900 nmethod 10418 0x0000017b3a964090 code [0x0000017b3a964260, 0x0000017b3a9644d0]
Event: 18.548 Thread 0x0000017b4f394320 nmethod 10417 0x0000017b3a9df190 code [0x0000017b3a9df360, 0x0000017b3a9df750]
Event: 18.548 Thread 0x0000017b4f394320 10419       3       sun.management.spi.PlatformMBeanProvider$PlatformComponent::getMBeans (87 bytes)
Event: 18.548 Thread 0x0000017b4f4db900 10420       3       sun.management.MemoryPoolImpl::getType (15 bytes)
Event: 18.548 Thread 0x0000017b4f4db900 nmethod 10420 0x0000017b3a25f490 code [0x0000017b3a25f640, 0x0000017b3a25f7c0]
Event: 18.549 Thread 0x0000017b4f394320 nmethod 10419 0x0000017b3a7c6a90 code [0x0000017b3a7c6e20, 0x0000017b3a7c8410]

GC Heap History (20 events):
Event: 9.854 GC heap before
{Heap before GC invocations=18 (full 0):
 garbage-first heap   total 106496K, used 95053K [0x0000000080000000, 0x0000000100000000)
  region size 1024K, 49 young (50176K), 7 survivors (7168K)
 Metaspace       used 71409K, committed 73280K, reserved 1114112K
  class space    used 10115K, committed 11008K, reserved 1048576K
}
Event: 9.860 GC heap after
{Heap after GC invocations=19 (full 0):
 garbage-first heap   total 106496K, used 55368K [0x0000000080000000, 0x0000000100000000)
  region size 1024K, 3 young (3072K), 3 survivors (3072K)
 Metaspace       used 71409K, committed 73280K, reserved 1114112K
  class space    used 10115K, committed 11008K, reserved 1048576K
}
Event: 10.038 GC heap before
{Heap before GC invocations=20 (full 0):
 garbage-first heap   total 106496K, used 95304K [0x0000000080000000, 0x0000000100000000)
  region size 1024K, 43 young (44032K), 3 survivors (3072K)
 Metaspace       used 71551K, committed 73408K, reserved 1114112K
  class space    used 10115K, committed 11008K, reserved 1048576K
}
Event: 10.041 GC heap after
{Heap after GC invocations=21 (full 0):
 garbage-first heap   total 106496K, used 56006K [0x0000000080000000, 0x0000000100000000)
  region size 1024K, 4 young (4096K), 4 survivors (4096K)
 Metaspace       used 71551K, committed 73408K, reserved 1114112K
  class space    used 10115K, committed 11008K, reserved 1048576K
}
Event: 10.142 GC heap before
{Heap before GC invocations=21 (full 0):
 garbage-first heap   total 106496K, used 95942K [0x0000000080000000, 0x0000000100000000)
  region size 1024K, 44 young (45056K), 4 survivors (4096K)
 Metaspace       used 71585K, committed 73472K, reserved 1114112K
  class space    used 10115K, committed 11008K, reserved 1048576K
}
Event: 10.146 GC heap after
{Heap after GC invocations=22 (full 0):
 garbage-first heap   total 106496K, used 55171K [0x0000000080000000, 0x0000000100000000)
  region size 1024K, 3 young (3072K), 3 survivors (3072K)
 Metaspace       used 71585K, committed 73472K, reserved 1114112K
  class space    used 10115K, committed 11008K, reserved 1048576K
}
Event: 10.240 GC heap before
{Heap before GC invocations=22 (full 0):
 garbage-first heap   total 106496K, used 97155K [0x0000000080000000, 0x0000000100000000)
  region size 1024K, 45 young (46080K), 3 survivors (3072K)
 Metaspace       used 71602K, committed 73472K, reserved 1114112K
  class space    used 10115K, committed 11008K, reserved 1048576K
}
Event: 10.243 GC heap after
{Heap after GC invocations=23 (full 0):
 garbage-first heap   total 128000K, used 55833K [0x0000000080000000, 0x0000000100000000)
  region size 1024K, 4 young (4096K), 4 survivors (4096K)
 Metaspace       used 71602K, committed 73472K, reserved 1114112K
  class space    used 10115K, committed 11008K, reserved 1048576K
}
Event: 10.394 GC heap before
{Heap before GC invocations=24 (full 0):
 garbage-first heap   total 128000K, used 116249K [0x0000000080000000, 0x0000000100000000)
  region size 1024K, 64 young (65536K), 4 survivors (4096K)
 Metaspace       used 71606K, committed 73472K, reserved 1114112K
  class space    used 10115K, committed 11008K, reserved 1048576K
}
Event: 10.397 GC heap after
{Heap after GC invocations=25 (full 0):
 garbage-first heap   total 128000K, used 56438K [0x0000000080000000, 0x0000000100000000)
  region size 1024K, 5 young (5120K), 5 survivors (5120K)
 Metaspace       used 71606K, committed 73472K, reserved 1114112K
  class space    used 10115K, committed 11008K, reserved 1048576K
}
Event: 10.525 GC heap before
{Heap before GC invocations=25 (full 0):
 garbage-first heap   total 128000K, used 116854K [0x0000000080000000, 0x0000000100000000)
  region size 1024K, 65 young (66560K), 5 survivors (5120K)
 Metaspace       used 71606K, committed 73472K, reserved 1114112K
  class space    used 10115K, committed 11008K, reserved 1048576K
}
Event: 10.529 GC heap after
{Heap after GC invocations=26 (full 0):
 garbage-first heap   total 128000K, used 56712K [0x0000000080000000, 0x0000000100000000)
  region size 1024K, 6 young (6144K), 6 survivors (6144K)
 Metaspace       used 71606K, committed 73472K, reserved 1114112K
  class space    used 10115K, committed 11008K, reserved 1048576K
}
Event: 10.641 GC heap before
{Heap before GC invocations=26 (full 0):
 garbage-first heap   total 128000K, used 118152K [0x0000000080000000, 0x0000000100000000)
  region size 1024K, 66 young (67584K), 6 survivors (6144K)
 Metaspace       used 71607K, committed 73472K, reserved 1114112K
  class space    used 10115K, committed 11008K, reserved 1048576K
}
Event: 10.645 GC heap after
{Heap after GC invocations=27 (full 0):
 garbage-first heap   total 128000K, used 57248K [0x0000000080000000, 0x0000000100000000)
  region size 1024K, 5 young (5120K), 5 survivors (5120K)
 Metaspace       used 71607K, committed 73472K, reserved 1114112K
  class space    used 10115K, committed 11008K, reserved 1048576K
}
Event: 10.758 GC heap before
{Heap before GC invocations=28 (full 0):
 garbage-first heap   total 128000K, used 119712K [0x0000000080000000, 0x0000000100000000)
  region size 1024K, 66 young (67584K), 5 survivors (5120K)
 Metaspace       used 71609K, committed 73472K, reserved 1114112K
  class space    used 10115K, committed 11008K, reserved 1048576K
}
Event: 10.762 GC heap after
{Heap after GC invocations=29 (full 0):
 garbage-first heap   total 128000K, used 57832K [0x0000000080000000, 0x0000000100000000)
  region size 1024K, 5 young (5120K), 5 survivors (5120K)
 Metaspace       used 71609K, committed 73472K, reserved 1114112K
  class space    used 10115K, committed 11008K, reserved 1048576K
}
Event: 11.213 GC heap before
{Heap before GC invocations=29 (full 0):
 garbage-first heap   total 128000K, used 120296K [0x0000000080000000, 0x0000000100000000)
  region size 1024K, 66 young (67584K), 5 survivors (5120K)
 Metaspace       used 73447K, committed 75328K, reserved 1114112K
  class space    used 10369K, committed 11264K, reserved 1048576K
}
Event: 11.217 GC heap after
{Heap after GC invocations=30 (full 0):
 garbage-first heap   total 131072K, used 60168K [0x0000000080000000, 0x0000000100000000)
  region size 1024K, 8 young (8192K), 8 survivors (8192K)
 Metaspace       used 73447K, committed 75328K, reserved 1114112K
  class space    used 10369K, committed 11264K, reserved 1048576K
}
Event: 12.220 GC heap before
{Heap before GC invocations=30 (full 0):
 garbage-first heap   total 131072K, used 120584K [0x0000000080000000, 0x0000000100000000)
  region size 1024K, 68 young (69632K), 8 survivors (8192K)
 Metaspace       used 84119K, committed 86016K, reserved 1179648K
  class space    used 12163K, committed 13056K, reserved 1048576K
}
Event: 12.226 GC heap after
{Heap after GC invocations=31 (full 0):
 garbage-first heap   total 179200K, used 61822K [0x0000000080000000, 0x0000000100000000)
  region size 1024K, 7 young (7168K), 7 survivors (7168K)
 Metaspace       used 84119K, committed 86016K, reserved 1179648K
  class space    used 12163K, committed 13056K, reserved 1048576K
}

Dll operation events (3 events):
Event: 0.014 Loaded shared library C:\Program Files\Android\Android Studio\jbr\bin\java.dll
Event: 0.347 Loaded shared library C:\Program Files\Android\Android Studio\jbr\bin\zip.dll
Event: 1.209 Loaded shared library C:\Program Files\Android\Android Studio\jbr\bin\verify.dll

Deoptimization events (20 events):
Event: 13.991 Thread 0x0000017b557181b0 DEOPT PACKING pc=0x0000017b3aa72a23 sp=0x000000453a0f49f0
Event: 13.991 Thread 0x0000017b557181b0 DEOPT UNPACKING pc=0x0000017b41594b42 sp=0x000000453a0f3f60 mode 0
Event: 13.992 Thread 0x0000017b557181b0 DEOPT PACKING pc=0x0000017b3aa72a23 sp=0x000000453a0f49f0
Event: 13.992 Thread 0x0000017b557181b0 DEOPT UNPACKING pc=0x0000017b41594b42 sp=0x000000453a0f3f60 mode 0
Event: 13.992 Thread 0x0000017b557181b0 DEOPT PACKING pc=0x0000017b3aa72a23 sp=0x000000453a0f49f0
Event: 13.992 Thread 0x0000017b557181b0 DEOPT UNPACKING pc=0x0000017b41594b42 sp=0x000000453a0f3f60 mode 0
Event: 13.992 Thread 0x0000017b557181b0 DEOPT PACKING pc=0x0000017b3aa72a23 sp=0x000000453a0f49f0
Event: 13.992 Thread 0x0000017b557181b0 DEOPT UNPACKING pc=0x0000017b41594b42 sp=0x000000453a0f3f60 mode 0
Event: 13.992 Thread 0x0000017b557181b0 DEOPT PACKING pc=0x0000017b3aa72a23 sp=0x000000453a0f49f0
Event: 13.992 Thread 0x0000017b557181b0 DEOPT UNPACKING pc=0x0000017b41594b42 sp=0x000000453a0f3f60 mode 0
Event: 13.992 Thread 0x0000017b557181b0 DEOPT PACKING pc=0x0000017b3aa72a23 sp=0x000000453a0f49f0
Event: 13.992 Thread 0x0000017b557181b0 DEOPT UNPACKING pc=0x0000017b41594b42 sp=0x000000453a0f3f60 mode 0
Event: 13.992 Thread 0x0000017b557181b0 DEOPT PACKING pc=0x0000017b3aa72a23 sp=0x000000453a0f49f0
Event: 13.992 Thread 0x0000017b557181b0 DEOPT UNPACKING pc=0x0000017b41594b42 sp=0x000000453a0f3f60 mode 0
Event: 13.995 Thread 0x0000017b557181b0 Uncommon trap: trap_request=0xffffff45 fr.pc=0x0000017b41f5ffe0 relative=0x0000000000001040
Event: 13.995 Thread 0x0000017b557181b0 Uncommon trap: reason=unstable_if action=reinterpret pc=0x0000017b41f5ffe0 method=org.jetbrains.kotlin.cli.jvm.compiler.jarfs.FastJarVirtualFile.<init>(Lorg/jetbrains/kotlin/cli/jvm/compiler/jarfs/FastJarHandler;Ljava/lang/CharSequence;JLorg/jetbrains/kot
Event: 13.995 Thread 0x0000017b557181b0 DEOPT PACKING pc=0x0000017b41f5ffe0 sp=0x000000453a0f4e10
Event: 13.995 Thread 0x0000017b557181b0 DEOPT UNPACKING pc=0x0000017b415943a2 sp=0x000000453a0f4dc0 mode 2
Event: 13.999 Thread 0x0000017b557181b0 DEOPT PACKING pc=0x0000017b3aa72a23 sp=0x000000453a0f49f0
Event: 13.999 Thread 0x0000017b557181b0 DEOPT UNPACKING pc=0x0000017b41594b42 sp=0x000000453a0f3f60 mode 0

Classes loaded (20 events):
Event: 12.555 Loading class java/nio/charset/IllegalCharsetNameException
Event: 12.555 Loading class java/nio/charset/IllegalCharsetNameException done
Event: 12.555 Loading class java/nio/charset/UnsupportedCharsetException
Event: 12.556 Loading class java/nio/charset/UnsupportedCharsetException done
Event: 12.556 Loading class sun/nio/cs/UTF_32BE
Event: 12.556 Loading class sun/nio/cs/UTF_32BE done
Event: 12.556 Loading class sun/nio/cs/UTF_32LE
Event: 12.556 Loading class sun/nio/cs/UTF_32LE done
Event: 12.758 Loading class java/beans/PropertyChangeSupport
Event: 12.759 Loading class java/beans/PropertyChangeSupport done
Event: 12.759 Loading class java/beans/PropertyChangeSupport$PropertyChangeListenerMap
Event: 12.759 Loading class java/beans/ChangeListenerMap
Event: 12.760 Loading class java/beans/ChangeListenerMap done
Event: 12.760 Loading class java/beans/PropertyChangeSupport$PropertyChangeListenerMap done
Event: 12.760 Loading class java/beans/PropertyChangeListener
Event: 12.760 Loading class java/beans/PropertyChangeListener done
Event: 12.875 Loading class java/util/concurrent/LinkedBlockingDeque$Itr
Event: 12.875 Loading class java/util/concurrent/LinkedBlockingDeque$AbstractItr
Event: 12.875 Loading class java/util/concurrent/LinkedBlockingDeque$AbstractItr done
Event: 12.875 Loading class java/util/concurrent/LinkedBlockingDeque$Itr done

Classes unloaded (0 events):
No events

Classes redefined (0 events):
No events

Internal exceptions (20 events):
Event: 11.707 Thread 0x0000017b557181b0 Exception <a 'java/lang/NoSuchMethodError'{0x00000000859b9a10}: 'int java.lang.invoke.DelegatingMethodHandle$Holder.reinvoke_L(java.lang.Object, java.lang.Object, java.lang.Object, long, java.lang.Object, java.lang.Object)'> (0x00000000859b9a10) 
thrown [s\src\hotspot\share\interpreter\linkResolver.cpp, line 784]
Event: 11.708 Thread 0x0000017b557181b0 Exception <a 'java/lang/NoSuchMethodError'{0x00000000859c8ea0}: 'int java.lang.invoke.DelegatingMethodHandle$Holder.reinvoke_L(java.lang.Object, java.lang.Object, java.lang.Object, long, int, int)'> (0x00000000859c8ea0) 
thrown [s\src\hotspot\share\interpreter\linkResolver.cpp, line 784]
Event: 11.708 Thread 0x0000017b557181b0 Exception <a 'java/lang/NoSuchMethodError'{0x00000000859d80e0}: 'int java.lang.invoke.DelegatingMethodHandle$Holder.reinvoke_L(java.lang.Object, java.lang.Object, java.lang.Object, long, long, long)'> (0x00000000859d80e0) 
thrown [s\src\hotspot\share\interpreter\linkResolver.cpp, line 784]
Event: 11.709 Thread 0x0000017b557181b0 Exception <a 'java/lang/NoSuchMethodError'{0x00000000859e7208}: 'int java.lang.invoke.DelegatingMethodHandle$Holder.reinvoke_L(java.lang.Object, java.lang.Object, java.lang.Object, long, int)'> (0x00000000859e7208) 
thrown [s\src\hotspot\share\interpreter\linkResolver.cpp, line 784]
Event: 11.709 Thread 0x0000017b557181b0 Exception <a 'java/lang/NoSuchMethodError'{0x00000000859fa128}: 'void java.lang.invoke.DelegatingMethodHandle$Holder.reinvoke_L(java.lang.Object, java.lang.Object, java.lang.Object, long, java.lang.Object, long, long)'> (0x00000000859fa128) 
thrown [s\src\hotspot\share\interpreter\linkResolver.cpp, line 784]
Event: 12.356 Thread 0x0000017b557181b0 Exception <a 'java/lang/NoSuchMethodError'{0x000000008a4c4a00}: 'java.lang.Object java.lang.invoke.DirectMethodHandle$Holder.invokeStatic(java.lang.Object, java.lang.Object, java.lang.Object, java.lang.Object, int, java.lang.Object)'> (0x000000008a4c4a00) 
thrown [s\src\hotspot\share\interpreter\linkResolver.cpp, line 784]
Event: 12.405 Thread 0x0000017b557181b0 Exception <a 'java/lang/NoSuchMethodError'{0x000000008a235948}: 'long java.lang.invoke.DirectMethodHandle$Holder.invokeStatic(java.lang.Object, java.lang.Object, int)'> (0x000000008a235948) 
thrown [s\src\hotspot\share\interpreter\linkResolver.cpp, line 784]
Event: 12.406 Thread 0x0000017b557181b0 Exception <a 'java/lang/NoSuchMethodError'{0x000000008a241d68}: 'java.lang.Object java.lang.invoke.DelegatingMethodHandle$Holder.reinvoke_L(java.lang.Object, int, long, java.lang.Object, java.lang.Object, int, java.lang.Object)'> (0x000000008a241d68) 
thrown [s\src\hotspot\share\interpreter\linkResolver.cpp, line 784]
Event: 12.684 Thread 0x0000017b557181b0 Exception <a 'java/lang/NoSuchMethodError'{0x000000008917a4d8}: 'java.lang.Object java.lang.invoke.Invokers$Holder.invokeExact_MT(java.lang.Object, java.lang.Object, long, java.lang.Object)'> (0x000000008917a4d8) 
thrown [s\src\hotspot\share\interpreter\linkResolver.cpp, line 784]
Event: 12.686 Thread 0x0000017b557181b0 Exception <a 'java/lang/NoSuchMethodError'{0x000000008918ee20}: 'void java.lang.invoke.Invokers$Holder.invokeExact_MT(java.lang.Object, java.lang.Object, long, java.lang.Object, java.lang.Object)'> (0x000000008918ee20) 
thrown [s\src\hotspot\share\interpreter\linkResolver.cpp, line 784]
Event: 12.778 Thread 0x0000017b557181b0 Exception <a 'java/lang/NoSuchMethodError'{0x0000000088b9d7a8}: 'java.lang.Object java.lang.invoke.DirectMethodHandle$Holder.invokeStatic(java.lang.Object, java.lang.Object, long, long)'> (0x0000000088b9d7a8) 
thrown [s\src\hotspot\share\interpreter\linkResolver.cpp, line 784]
Event: 12.786 Thread 0x0000017b557181b0 Exception <a 'java/lang/NoSuchMethodError'{0x0000000088be8340}: 'java.lang.Object java.lang.invoke.DirectMethodHandle$Holder.invokeStatic(java.lang.Object, java.lang.Object, java.lang.Object, long, java.lang.Object)'> (0x0000000088be8340) 
thrown [s\src\hotspot\share\interpreter\linkResolver.cpp, line 784]
Event: 12.787 Thread 0x0000017b557181b0 Exception <a 'java/lang/NoSuchMethodError'{0x0000000088bf03a0}: 'java.lang.Object java.lang.invoke.DirectMethodHandle$Holder.newInvokeSpecial(java.lang.Object, java.lang.Object, java.lang.Object, long)'> (0x0000000088bf03a0) 
thrown [s\src\hotspot\share\interpreter\linkResolver.cpp, line 784]
Event: 12.787 Thread 0x0000017b557181b0 Exception <a 'java/lang/NoSuchMethodError'{0x0000000088bf5620}: 'java.lang.Object java.lang.invoke.Invokers$Holder.linkToTargetMethod(java.lang.Object, java.lang.Object, long, java.lang.Object)'> (0x0000000088bf5620) 
thrown [s\src\hotspot\share\interpreter\linkResolver.cpp, line 784]
Event: 12.894 Thread 0x0000017b55945610 Exception <a 'sun/nio/fs/WindowsException'{0x0000000087b1ed40}> (0x0000000087b1ed40) 
thrown [s\src\hotspot\share\prims\jni.cpp, line 537]
Event: 12.909 Thread 0x0000017b55945610 Exception <a 'sun/nio/fs/WindowsException'{0x00000000878c48f8}> (0x00000000878c48f8) 
thrown [s\src\hotspot\share\prims\jni.cpp, line 537]
Event: 12.910 Thread 0x0000017b55945610 Exception <a 'sun/nio/fs/WindowsException'{0x00000000878c6218}> (0x00000000878c6218) 
thrown [s\src\hotspot\share\prims\jni.cpp, line 537]
Event: 12.926 Thread 0x0000017b55945610 Exception <a 'sun/nio/fs/WindowsException'{0x00000000871a0588}> (0x00000000871a0588) 
thrown [s\src\hotspot\share\prims\jni.cpp, line 537]
Event: 12.946 Thread 0x0000017b557181b0 Implicit null exception at 0x0000017b41ed3267 to 0x0000017b41ed3670
Event: 13.995 Thread 0x0000017b557181b0 Implicit null exception at 0x0000017b41f5f272 to 0x0000017b41f5ffd0

ZGC Phase Switch (0 events):
No events

VM Operations (20 events):
Event: 12.431 Executing VM operation: HandshakeAllThreads (Deoptimize)
Event: 12.431 Executing VM operation: HandshakeAllThreads (Deoptimize) done
Event: 12.444 Executing VM operation: HandshakeAllThreads (Deoptimize)
Event: 12.445 Executing VM operation: HandshakeAllThreads (Deoptimize) done
Event: 12.502 Executing VM operation: HandshakeAllThreads (Deoptimize)
Event: 12.502 Executing VM operation: HandshakeAllThreads (Deoptimize) done
Event: 12.626 Executing VM operation: HandshakeAllThreads (Deoptimize)
Event: 12.626 Executing VM operation: HandshakeAllThreads (Deoptimize) done
Event: 12.753 Executing VM operation: HandshakeAllThreads (Deoptimize)
Event: 12.754 Executing VM operation: HandshakeAllThreads (Deoptimize) done
Event: 12.881 Executing VM operation: HandshakeAllThreads (Deoptimize)
Event: 12.882 Executing VM operation: HandshakeAllThreads (Deoptimize) done
Event: 12.949 Executing VM operation: HandshakeAllThreads (Deoptimize)
Event: 13.968 Executing VM operation: HandshakeAllThreads (Deoptimize) done
Event: 13.968 Executing VM operation: Cleanup
Event: 13.983 Executing VM operation: Cleanup done
Event: 14.987 Executing VM operation: Cleanup
Event: 15.019 Executing VM operation: Cleanup done
Event: 19.031 Executing VM operation: Cleanup
Event: 19.032 Executing VM operation: Cleanup done

Memory protections (0 events):
No events

Nmethod flushes (20 events):
Event: 12.269 Thread 0x0000017b4f309550 flushing  nmethod 0x0000017b3a9fa190
Event: 12.269 Thread 0x0000017b4f309550 flushing  nmethod 0x0000017b3a9faf10
Event: 12.269 Thread 0x0000017b4f309550 flushing  nmethod 0x0000017b3a9fc210
Event: 12.269 Thread 0x0000017b4f309550 flushing  nmethod 0x0000017b3a9fcd10
Event: 12.269 Thread 0x0000017b4f309550 flushing  nmethod 0x0000017b3ab85b10
Event: 12.269 Thread 0x0000017b4f309550 flushing  nmethod 0x0000017b3ae63f10
Event: 12.269 Thread 0x0000017b4f309550 flushing  nmethod 0x0000017b3aef8510
Event: 12.269 Thread 0x0000017b4f309550 flushing  nmethod 0x0000017b3aefdb10
Event: 12.269 Thread 0x0000017b4f309550 flushing  nmethod 0x0000017b3abc5a90
Event: 12.269 Thread 0x0000017b4f309550 flushing  nmethod 0x0000017b3ac9ee10
Event: 12.269 Thread 0x0000017b4f309550 flushing  nmethod 0x0000017b3aea5010
Event: 12.269 Thread 0x0000017b4f309550 flushing  nmethod 0x0000017b3aea5910
Event: 12.269 Thread 0x0000017b4f309550 flushing  nmethod 0x0000017b3b013190
Event: 12.269 Thread 0x0000017b4f309550 flushing  nmethod 0x0000017b41d19f90
Event: 12.269 Thread 0x0000017b4f309550 flushing  nmethod 0x0000017b3a228d10
Event: 12.269 Thread 0x0000017b4f309550 flushing  nmethod 0x0000017b3a811690
Event: 12.269 Thread 0x0000017b4f309550 flushing  nmethod 0x0000017b3aa11810
Event: 12.269 Thread 0x0000017b4f309550 flushing  nmethod 0x0000017b3aa12c10
Event: 12.269 Thread 0x0000017b4f309550 flushing  nmethod 0x0000017b3aa16690
Event: 12.269 Thread 0x0000017b4f309550 flushing  nmethod 0x0000017b3af7a390

Events (20 events):
Event: 9.779 Thread 0x0000017b557181b0 Thread added: 0x0000017b5ad6da40
Event: 9.780 Thread 0x0000017b557181b0 Thread added: 0x0000017b5ad6e0d0
Event: 9.780 Thread 0x0000017b557181b0 Thread added: 0x0000017b5ad6e760
Event: 9.780 Thread 0x0000017b557181b0 Thread added: 0x0000017b5bc6e8b0
Event: 9.781 Thread 0x0000017b557181b0 Thread added: 0x0000017b5bc6ce70
Event: 9.781 Thread 0x0000017b557181b0 Thread added: 0x0000017b5bc6d500
Event: 9.781 Thread 0x0000017b557181b0 Thread added: 0x0000017b5bc6e220
Event: 9.782 Thread 0x0000017b557181b0 Thread added: 0x0000017b5bc6db90
Event: 9.782 Thread 0x0000017b557181b0 Thread added: 0x0000017b5bc6bac0
Event: 9.783 Thread 0x0000017b557181b0 Thread added: 0x0000017b5bc6b430
Event: 11.163 Thread 0x0000017b56675490 Thread exited: 0x0000017b56675490
Event: 11.368 Thread 0x0000017b55bf98d0 Thread exited: 0x0000017b55bf98d0
Event: 11.648 Thread 0x0000017b54646170 Thread exited: 0x0000017b54646170
Event: 12.735 Thread 0x0000017b4f391870 Thread added: 0x0000017b56676230
Event: 12.772 Thread 0x0000017b547009c0 Thread added: 0x0000017b56677d70
Event: 12.816 Thread 0x0000017b56677d70 Thread added: 0x0000017b56674dc0
Event: 12.816 Thread 0x0000017b56677d70 Thread added: 0x0000017b58e6f580
Event: 13.967 Thread 0x0000017b547009c0 Thread exited: 0x0000017b547009c0
Event: 14.550 Thread 0x0000017b58e6f580 Thread exited: 0x0000017b58e6f580
Event: 16.548 Thread 0x0000017b4ff31eb0 Thread exited: 0x0000017b4ff31eb0


Dynamic libraries:
0x00007ff67be50000 - 0x00007ff67be5a000 	C:\Program Files\Android\Android Studio\jbr\bin\java.exe
0x00007ff955760000 - 0x00007ff9559c7000 	C:\WINDOWS\SYSTEM32\ntdll.dll
0x00007ff954e70000 - 0x00007ff954f39000 	C:\WINDOWS\System32\KERNEL32.DLL
0x00007ff952040000 - 0x00007ff952431000 	C:\WINDOWS\System32\KERNELBASE.dll
0x00007ff9530c0000 - 0x00007ff95320b000 	C:\WINDOWS\System32\ucrtbase.dll
0x00007ff94bb10000 - 0x00007ff94bb28000 	C:\Program Files\Android\Android Studio\jbr\bin\jli.dll
0x00007ff94da90000 - 0x00007ff94daab000 	C:\Program Files\Android\Android Studio\jbr\bin\VCRUNTIME140.dll
0x00007ff954650000 - 0x00007ff954815000 	C:\WINDOWS\System32\USER32.dll
0x00007ff9525b0000 - 0x00007ff9525d7000 	C:\WINDOWS\System32\win32u.dll
0x00007ff93c9c0000 - 0x00007ff93cc53000 	C:\WINDOWS\WinSxS\amd64_microsoft.windows.common-controls_6595b64144ccf1df_6.0.26100.8037_none_3e092faae333b53b\COMCTL32.dll
0x00007ff954c70000 - 0x00007ff954c9b000 	C:\WINDOWS\System32\GDI32.dll
0x00007ff954dc0000 - 0x00007ff954e69000 	C:\WINDOWS\System32\msvcrt.dll
0x00007ff952f90000 - 0x00007ff9530bb000 	C:\WINDOWS\System32\gdi32full.dll
0x00007ff952670000 - 0x00007ff952713000 	C:\WINDOWS\System32\msvcp_win.dll
0x00007ff953500000 - 0x00007ff953531000 	C:\WINDOWS\System32\IMM32.DLL
0x00007ff94da80000 - 0x00007ff94da8c000 	C:\Program Files\Android\Android Studio\jbr\bin\vcruntime140_1.dll
0x00007ff8f8330000 - 0x00007ff8f83bd000 	C:\Program Files\Android\Android Studio\jbr\bin\msvcp140.dll
0x00007ff8f33b0000 - 0x00007ff8f4046000 	C:\Program Files\Android\Android Studio\jbr\bin\server\jvm.dll
0x00007ff955660000 - 0x00007ff95571b000 	C:\WINDOWS\System32\ADVAPI32.dll
0x00007ff9555b0000 - 0x00007ff955657000 	C:\WINDOWS\System32\sechost.dll
0x00007ff954ca0000 - 0x00007ff954db8000 	C:\WINDOWS\System32\RPCRT4.dll
0x00007ff953720000 - 0x00007ff953794000 	C:\WINDOWS\System32\WS2_32.dll
0x00007ff951ec0000 - 0x00007ff951f1e000 	C:\WINDOWS\SYSTEM32\POWRPROF.dll
0x00007ff949d20000 - 0x00007ff949d55000 	C:\WINDOWS\SYSTEM32\WINMM.dll
0x00007ff94b540000 - 0x00007ff94b54b000 	C:\WINDOWS\SYSTEM32\VERSION.dll
0x00007ff951ea0000 - 0x00007ff951eb4000 	C:\WINDOWS\SYSTEM32\UMPDC.dll
0x00007ff950db0000 - 0x00007ff950dcb000 	C:\WINDOWS\SYSTEM32\kernel.appcore.dll
0x00007ff94da70000 - 0x00007ff94da7a000 	C:\Program Files\Android\Android Studio\jbr\bin\jimage.dll
0x00007ff950020000 - 0x00007ff950262000 	C:\WINDOWS\SYSTEM32\DBGHELP.DLL
0x00007ff9548e0000 - 0x00007ff954c62000 	C:\WINDOWS\System32\combase.dll
0x00007ff954570000 - 0x00007ff954647000 	C:\WINDOWS\System32\OLEAUT32.dll
0x00007ff93c530000 - 0x00007ff93c56b000 	C:\WINDOWS\SYSTEM32\dbgcore.DLL
0x00007ff952440000 - 0x00007ff9524e5000 	C:\WINDOWS\System32\bcryptPrimitives.dll
0x00007ff944f10000 - 0x00007ff944f1e000 	C:\Program Files\Android\Android Studio\jbr\bin\instrument.dll
0x00007ff94da50000 - 0x00007ff94da70000 	C:\Program Files\Android\Android Studio\jbr\bin\java.dll
0x00007ff94b950000 - 0x00007ff94b968000 	C:\Program Files\Android\Android Studio\jbr\bin\zip.dll
0x00007ff953d70000 - 0x00007ff9544cf000 	C:\WINDOWS\System32\SHELL32.dll
0x00007ff953390000 - 0x00007ff9534fa000 	C:\WINDOWS\System32\wintypes.dll
0x00007ff952720000 - 0x00007ff952f84000 	C:\WINDOWS\System32\windows.storage.dll
0x00007ff9553b0000 - 0x00007ff9554a7000 	C:\WINDOWS\System32\SHCORE.dll
0x00007ff954870000 - 0x00007ff9548d7000 	C:\WINDOWS\System32\shlwapi.dll
0x00007ff951f60000 - 0x00007ff951f89000 	C:\WINDOWS\SYSTEM32\profapi.dll
0x00007ff94da40000 - 0x00007ff94da50000 	C:\Program Files\Android\Android Studio\jbr\bin\net.dll
0x00007ff94abf0000 - 0x00007ff94ad17000 	C:\WINDOWS\SYSTEM32\WINHTTP.dll
0x00007ff951340000 - 0x00007ff9513ab000 	C:\WINDOWS\system32\mswsock.dll
0x00007ff94b930000 - 0x00007ff94b946000 	C:\Program Files\Android\Android Studio\jbr\bin\nio.dll
0x00007ff94ba50000 - 0x00007ff94ba60000 	C:\Program Files\Android\Android Studio\jbr\bin\verify.dll
0x00007ff945ba0000 - 0x00007ff945bc7000 	C:\Users\agata\.gradle\native\1def1411415f61bf3af743bc5b6707747c0891f09f0c88961ee8f79bc544acac\windows-amd64\native-platform.dll
0x00007ff91d690000 - 0x00007ff91d707000 	C:\Users\agata\.gradle\native\0.2.8\x86_64-windows-gnu\gradle-fileevents.dll
0x00007ff94d980000 - 0x00007ff94d989000 	C:\Program Files\Android\Android Studio\jbr\bin\management.dll
0x00007ff94b920000 - 0x00007ff94b92b000 	C:\Program Files\Android\Android Studio\jbr\bin\management_ext.dll
0x00007ff955000000 - 0x00007ff955008000 	C:\WINDOWS\System32\PSAPI.DLL
0x00007ff950790000 - 0x00007ff9507c3000 	C:\WINDOWS\SYSTEM32\IPHLPAPI.DLL
0x00007ff955170000 - 0x00007ff95517a000 	C:\WINDOWS\System32\NSI.dll
0x00007ff94da00000 - 0x00007ff94da09000 	C:\Program Files\Android\Android Studio\jbr\bin\extnet.dll
0x00007ff951620000 - 0x00007ff95163b000 	C:\WINDOWS\SYSTEM32\CRYPTSP.dll
0x00007ff950d10000 - 0x00007ff950d49000 	C:\WINDOWS\system32\rsaenh.dll
0x00007ff9513f0000 - 0x00007ff951422000 	C:\WINDOWS\SYSTEM32\USERENV.dll
0x00007ff951f30000 - 0x00007ff951f5a000 	C:\WINDOWS\SYSTEM32\bcrypt.dll
0x00007ff951640000 - 0x00007ff95164c000 	C:\WINDOWS\SYSTEM32\CRYPTBASE.dll
0x00007ff8e19d0000 - 0x00007ff8e19d8000 	C:\WINDOWS\system32\wshunix.dll

JVMTI agents:
C:\Users\agata\.gradle\wrapper\dists\gradle-9.1.0-bin\9agqghryom9wkf8r80qlhnts3\gradle-9.1.0\lib\agents\gradle-instrumentation-agent-9.1.0.jar path:C:\Program Files\Android\Android Studio\jbr\bin\instrument.dll, loaded, initialized, instrumentlib options:none

dbghelp: loaded successfully - version: 4.0.5 - missing functions: none
symbol engine: initialized successfully - sym options: 0x614 - pdb path: .;C:\Program Files\Android\Android Studio\jbr\bin;C:\WINDOWS\SYSTEM32;C:\WINDOWS\WinSxS\amd64_microsoft.windows.common-controls_6595b64144ccf1df_6.0.26100.8037_none_3e092faae333b53b;C:\Program Files\Android\Android Studio\jbr\bin\server;C:\Users\agata\.gradle\native\1def1411415f61bf3af743bc5b6707747c0891f09f0c88961ee8f79bc544acac\windows-amd64;C:\Users\agata\.gradle\native\0.2.8\x86_64-windows-gnu

VM Arguments:
jvm_args: --add-opens=java.base/java.lang=ALL-UNNAMED --add-opens=java.base/java.lang.invoke=ALL-UNNAMED --add-opens=java.base/java.util=ALL-UNNAMED --add-opens=java.prefs/java.util.prefs=ALL-UNNAMED --add-exports=jdk.compiler/com.sun.tools.javac.api=ALL-UNNAMED --add-exports=jdk.compiler/com.sun.tools.javac.util=ALL-UNNAMED --add-opens=java.base/java.util=ALL-UNNAMED --add-opens=java.prefs/java.util.prefs=ALL-UNNAMED --add-opens=java.base/java.nio.charset=ALL-UNNAMED --add-opens=java.base/java.net=ALL-UNNAMED --add-opens=java.base/java.util.concurrent=ALL-UNNAMED --add-opens=java.base/java.util.concurrent.atomic=ALL-UNNAMED --add-opens=java.xml/javax.xml.namespace=ALL-UNNAMED --add-opens=java.base/java.time=ALL-UNNAMED -Xmx2048m -Dfile.encoding=UTF-8 -Duser.country=RU -Duser.language=ru -Duser.variant -javaagent:C:\Users\agata\.gradle\wrapper\dists\gradle-9.1.0-bin\9agqghryom9wkf8r80qlhnts3\gradle-9.1.0\lib\agents\gradle-instrumentation-agent-9.1.0.jar 
java_command: org.gradle.launcher.daemon.bootstrap.GradleDaemon 9.1.0
java_class_path (initial): C:\Users\agata\.gradle\wrapper\dists\gradle-9.1.0-bin\9agqghryom9wkf8r80qlhnts3\gradle-9.1.0\lib\gradle-daemon-main-9.1.0.jar
Launcher Type: SUN_STANDARD

[Global flags]
     intx CICompilerCount                          = 12                                        {product} {ergonomic}
     uint ConcGCThreads                            = 3                                         {product} {ergonomic}
     uint G1ConcRefinementThreads                  = 13                                        {product} {ergonomic}
   size_t G1HeapRegionSize                         = 1048576                                   {product} {ergonomic}
    uintx GCDrainStackTargetSize                   = 64                                        {product} {ergonomic}
   size_t InitialHeapSize                          = 260046848                                 {product} {ergonomic}
   size_t MarkStackSize                            = 4194304                                   {product} {ergonomic}
   size_t MaxHeapSize                              = 2147483648                                {product} {command line}
   size_t MaxNewSize                               = 1287651328                                {product} {ergonomic}
   size_t MinHeapDeltaBytes                        = 1048576                                   {product} {ergonomic}
   size_t MinHeapSize                              = 8388608                                   {product} {ergonomic}
    uintx NonNMethodCodeHeapSize                   = 7602480                                {pd product} {ergonomic}
    uintx NonProfiledCodeHeapSize                  = 122027880                              {pd product} {ergonomic}
    uintx ProfiledCodeHeapSize                     = 122027880                              {pd product} {ergonomic}
    uintx ReservedCodeCacheSize                    = 251658240                              {pd product} {ergonomic}
     bool SegmentedCodeCache                       = true                                      {product} {ergonomic}
   size_t SoftMaxHeapSize                          = 2147483648                             {manageable} {ergonomic}
     bool UseCompressedOops                        = true                           {product lp64_product} {ergonomic}
     bool UseG1GC                                  = true                                      {product} {ergonomic}
     bool UseLargePagesIndividualAllocation        = false                                  {pd product} {ergonomic}

Logging:
Log output configuration:
 #0: stdout all=warning uptime,level,tags foldmultilines=false
 #1: stderr all=off uptime,level,tags foldmultilines=false

Release file:
JAVA_VERSION="21.0.9" 
MODULES="java.base java.compiler java.datatransfer java.xml java.prefs java.desktop java.instrument java.logging java.management java.security.sasl java.naming java.rmi java.management.rmi java.net.http java.scripting java.security.jgss java.transaction.xa java.sql java.sql.rowset java.xml.crypto java.se java.smartcardio jdk.accessibility jdk.internal.jvmstat jdk.attach jdk.charsets jdk.internal.opt jdk.zipfs jdk.compiler jdk.crypto.ec jdk.crypto.cryptoki jdk.dynalink jdk.hotspot.agent jdk.httpserver jdk.internal.ed jdk.internal.le jdk.internal.vm.ci jdk.jartool jdk.javadoc jdk.jcmd jdk.jdeps jdk.jdwp.agent jdk.jdi jdk.jfr jdk.jlink jdk.jsobject jdk.localedata jdk.management jdk.management.agent jdk.management.jfr jdk.naming.dns jdk.naming.rmi jdk.net jdk.sctp jdk.security.auth jdk.security.jgss jdk.unsupported jdk.unsupported.desktop jdk.xml.dom" 
IMPLEMENTOR="JetBrains s.r.o." 
JAVA_RUNTIME_VERSION="21.0.9+-14649483-b1163.86" 
LIBC="default" 
OS_ARCH="x86_64" 
OS_NAME="Windows" 
SOURCE=".:git:554d0c326095" 

Environment Variables:
PATH=C:\Program Files\Microsoft\jdk-17.0.13.11-hotspot\bin;C:\WINDOWS\system32;C:\WINDOWS;C:\WINDOWS\System32\Wbem;C:\WINDOWS\System32\WindowsPowerShell\v1.0\;C:\WINDOWS\System32\OpenSSH\;C:\Program Files\nodejs\;C:\Program Files\Git\cmd;C:\Program Files\dotnet\;C:\Users\agata\AppData\Local\Programs\Python\Python313\Scripts\;C:\Users\agata\AppData\Local\Programs\Python\Python313\;C:\Users\agata\AppData\Local\Programs\Python\Launcher\;C:\Users\agata\AppData\Local\Microsoft\WindowsApps;C:\Users\agata\AppData\Local\Programs\Microsoft VS Code\bin;C:\Users\agata\AppData\Roaming\npm;C:\Users\agata\AppData\Local\GitHubDesktop\bin;C:\Users\agata\.dotnet\tools
USERNAME=agata
OS=Windows_NT
PROCESSOR_IDENTIFIER=AMD64 Family 25 Model 80 Stepping 0, AuthenticAMD
TMP=C:\Users\agata\AppData\Local\Temp
TEMP=C:\Users\agata\AppData\Local\Temp




Periodic native trim disabled

JNI global refs:
JNI global refs: 38, weak refs: 0

JNI global refs memory usage: 835, weak refs: 833

Process memory usage:
Resident Set Size: 441712K (2% of 16150684K total physical memory with 1161208K free physical memory)

OOME stack traces (most recent first):
Classloader memory used:
Loader org.gradle.internal.classloader.VisitableURLClassLoader                         : 52565K
Loader bootstrap                                                                       : 23294K
Loader org.gradle.initialization.MixInLegacyTypesClassLoader                           : 11253K
Loader jdk.internal.jrtfs.JrtFileSystemProvider$JrtFsLoader                            : 317K
Loader jdk.internal.loader.ClassLoaders$AppClassLoader                                 : 231K
Loader jdk.internal.loader.ClassLoaders$PlatformClassLoader                            : 228K
Loader org.gradle.internal.classloader.VisitableURLClassLoader                         : 161K
Loader jdk.internal.reflect.DelegatingClassLoader                                      : 151K
Loader org.gradle.groovy.scripts.internal.DefaultScriptCompilationHandler$ScriptClassLoader: 119K
Loader org.gradle.internal.classloader.VisitableURLClassLoader$InstrumentingVisitableURLClassLoader: 90384B

Classes loaded by more than one classloader:
Class Program                                                                         : loaded 3 times (x 72B)
Class jdk.internal.jimage.BasicImageReader                                            : loaded 2 times (x 95B)
Class org.gradle.internal.classloader.ClassLoaderHierarchy                            : loaded 2 times (x 70B)
Class org.gradle.api.internal.classpath.ManifestUtil                                  : loaded 2 times (x 71B)
Class jdk.internal.jimage.decompressor.StringSharingDecompressorFactory               : loaded 2 times (x 74B)
Class org.gradle.internal.classloader.DefaultClassLoaderFactory                       : loaded 2 times (x 82B)
Class org.gradle.internal.classloader.ClassLoaderVisitor                              : loaded 2 times (x 76B)
Class ijJvmDebugger1_cii546lbdxv0himmd5lgpwa9e$_run_closure1                          : loaded 2 times (x 139B)
Class org.gradle.api.internal.classpath.EffectiveClassPath                            : loaded 2 times (x 90B)
Class org.gradle.api.internal.DefaultClassPathProvider                                : loaded 2 times (x 76B)
Class [Lorg.gradle.api.internal.ClassPathProvider;                                    : loaded 2 times (x 69B)
Class org.gradle.api.internal.ClassPathProvider                                       : loaded 2 times (x 70B)
Class org.gradle.internal.service.UnknownServiceException                             : loaded 2 times (x 83B)
Class ijKotlinCoroutineJvmDebugInit1_c43r7dn27o5ov14tfwq7tv5xn                        : loaded 2 times (x 171B)
Class org.gradle.internal.classpath.TransformedClassPath                              : loaded 2 times (x 96B)
Class org.gradle.internal.classloader.InstrumentingClassLoader                        : loaded 2 times (x 70B)
Class org.gradle.internal.service.ServiceLocator                                      : loaded 2 times (x 70B)
Class jdk.internal.jrtfs.JrtFileSystemProvider                                        : loaded 2 times (x 101B)
Class jdk.internal.jimage.ImageLocation                                               : loaded 2 times (x 90B)
Class org.gradle.internal.InternalTransformer                                         : loaded 2 times (x 70B)
Class jdk.internal.jimage.ImageBufferCache$1                                          : loaded 2 times (x 83B)
Class org.gradle.internal.classloader.ClasspathUtil$1                                 : loaded 2 times (x 76B)
Class jdk.internal.jimage.ImageBufferCache$2                                          : loaded 2 times (x 91B)
Class org.gradle.api.internal.classpath.DefaultModuleRegistry$DefaultModule           : loaded 2 times (x 86B)
Class org.gradle.api.internal.classpath.Module                                        : loaded 2 times (x 70B)
Class org.gradle.api.internal.classpath.UnknownModuleException                        : loaded 2 times (x 82B)
Class jdk.internal.jimage.ImageHeader                                                 : loaded 2 times (x 71B)
Class ijJvmDebugger1_cii546lbdxv0himmd5lgpwa9e$_run_closure1$_closure2                : loaded 2 times (x 140B)
Class org.gradle.api.internal.DefaultClassPathRegistry                                : loaded 2 times (x 76B)
Class ijJvmDebugger1_cii546lbdxv0himmd5lgpwa9e                                        : loaded 2 times (x 171B)
Class org.gradle.api.internal.ClassPathRegistry                                       : loaded 2 times (x 70B)
Class org.gradle.internal.classpath.DefaultClassPath$ImmutableUniqueList              : loaded 2 times (x 199B)
Class jdk.internal.jimage.decompressor.ResourceDecompressor                           : loaded 2 times (x 70B)
Class org.gradle.internal.classloader.FilteringClassLoader                            : loaded 2 times (x 105B)
Class Settings_gradle$1                                                               : loaded 2 times (x 74B)
Class org.gradle.internal.classpath.ClassPath                                         : loaded 2 times (x 70B)
Class jdk.internal.jimage.ImageStringsReader                                          : loaded 2 times (x 80B)
Class jdk.internal.jimage.ImageReader                                                 : loaded 2 times (x 75B)
Class jdk.internal.jimage.ImageReader$SharedImageReader                               : loaded 2 times (x 95B)
Class org.gradle.internal.installation.GradleInstallation$1                           : loaded 2 times (x 75B)
Class org.gradle.api.internal.classpath.ModuleRegistry                                : loaded 2 times (x 70B)
Class jdk.internal.jimage.decompressor.ResourceDecompressorFactory                    : loaded 2 times (x 74B)
Class jdk.internal.jimage.ImageReader$Node                                            : loaded 2 times (x 84B)
Class org.gradle.api.internal.classpath.DefaultModuleRegistry                         : loaded 2 times (x 86B)
Class jdk.internal.jimage.BasicImageReader$1                                          : loaded 2 times (x 77B)
Class jdk.internal.jimage.decompressor.Decompressor                                   : loaded 2 times (x 72B)
Class org.gradle.internal.service.ServiceLookupException                              : loaded 2 times (x 82B)
Class org.gradle.internal.classloader.ClassLoaderFactory                              : loaded 2 times (x 70B)
Class org.gradle.internal.service.CachingServiceLocator                               : loaded 2 times (x 82B)
Class jdk.internal.jimage.ImageBufferCache                                            : loaded 2 times (x 71B)
Class jdk.internal.jrtfs.JrtPath                                                      : loaded 2 times (x 118B)
Class org.gradle.internal.classloader.ClasspathUtil                                   : loaded 2 times (x 71B)
Class org.gradle.api.specs.Spec                                                       : loaded 2 times (x 70B)
Class jdk.internal.jimage.decompressor.ResourceDecompressorRepository                 : loaded 2 times (x 71B)
Class jdk.internal.jimage.ImageReader$Directory                                       : loaded 2 times (x 84B)
Class org.gradle.internal.classloader.VisitableURLClassLoader$InstrumentingVisitableURLClassLoader: loaded 2 times (x 123B)
Class org.gradle.internal.classloader.VisitableURLClassLoader$Spec                    : loaded 2 times (x 74B)
Class org.gradle.internal.classpath.DefaultClassPath                                  : loaded 2 times (x 90B)
Class jdk.internal.jimage.decompressor.ZipDecompressorFactory                         : loaded 2 times (x 74B)
Class org.gradle.internal.classloader.ClassLoaderSpec                                 : loaded 2 times (x 71B)
Class Settings_gradle$1$1                                                             : loaded 2 times (x 74B)
Class org.gradle.internal.classloader.VisitableURLClassLoader                         : loaded 2 times (x 117B)
Class Settings_gradle                                                                 : loaded 2 times (x 124B)
Class org.gradle.internal.Cast                                                        : loaded 2 times (x 71B)
Class org.gradle.api.Action                                                           : loaded 2 times (x 70B)
Class jdk.internal.jimage.decompressor.ZipDecompressor                                : loaded 2 times (x 75B)
Class org.gradle.internal.classpath.DefaultClassPath$ImmutableUniqueList$Builder      : loaded 2 times (x 75B)
Class org.gradle.api.GradleException                                                  : loaded 2 times (x 82B)
Class jdk.internal.jimage.ImageStrings                                                : loaded 2 times (x 70B)
Class org.gradle.internal.IoActions                                                   : loaded 2 times (x 71B)
Class org.gradle.internal.classloader.SystemClassLoaderSpec                           : loaded 2 times (x 71B)
Class jdk.internal.jrtfs.JrtFileSystem                                                : loaded 2 times (x 102B)
Class jdk.internal.jimage.decompressor.CompressedResourceHeader                       : loaded 2 times (x 71B)
Class org.gradle.api.internal.classpath.GlobalCacheRootsProvider                      : loaded 2 times (x 70B)
Class ijKotlinCoroutineJvmDebugInit1_c43r7dn27o5ov14tfwq7tv5xn$_run_closure1$_closure2: loaded 2 times (x 139B)
Class ijKotlinCoroutineJvmDebugInit1_c43r7dn27o5ov14tfwq7tv5xn$_run_closure1          : loaded 2 times (x 139B)
Class org.gradle.internal.installation.CurrentGradleInstallationLocator               : loaded 2 times (x 71B)
Class org.gradle.internal.service.DefaultServiceLocator                               : loaded 2 times (x 83B)
Class org.gradle.internal.installation.CurrentGradleInstallation                      : loaded 2 times (x 73B)
Class org.gradle.util.internal.GUtil                                                  : loaded 2 times (x 71B)
Class org.gradle.internal.installation.GradleInstallation                             : loaded 2 times (x 75B)
Class jdk.internal.jimage.decompressor.ResourceDecompressor$StringsProvider           : loaded 2 times (x 70B)

---------------  S Y S T E M  ---------------

OS:
 Windows 11 , 64 bit Build 26100 (10.0.26100.7920)
OS uptime: 0 days 3:44 hours
Hyper-V role detected

CPU: total 16 (initial active 16) (16 cores per cpu, 2 threads per core) family 25 model 80 stepping 0 microcode 0xa50000f, cx8, cmov, fxsr, ht, mmx, 3dnowpref, sse, sse2, sse3, ssse3, sse4a, sse4.1, sse4.2, popcnt, lzcnt, tsc, tscinvbit, avx, avx2, aes, erms, clmul, bmi1, bmi2, adx, sha, fma, vzeroupper, clflush, clflushopt, hv, rdtscp, rdpid, fsrm, f16c, cet_ss
Processor Information for processor 0
  Max Mhz: 1901, Current Mhz: 1819, Mhz Limit: 1901
Processor Information for processor 1
  Max Mhz: 1901, Current Mhz: 1819, Mhz Limit: 1901
Processor Information for processor 2
  Max Mhz: 1901, Current Mhz: 1819, Mhz Limit: 1901
Processor Information for processor 3
  Max Mhz: 1901, Current Mhz: 1819, Mhz Limit: 1901
Processor Information for processor 4
  Max Mhz: 1901, Current Mhz: 1819, Mhz Limit: 1901
Processor Information for processor 5
  Max Mhz: 1901, Current Mhz: 1819, Mhz Limit: 1901
Processor Information for processor 6
  Max Mhz: 1901, Current Mhz: 1901, Mhz Limit: 1901
Processor Information for processor 7
  Max Mhz: 1901, Current Mhz: 1819, Mhz Limit: 1901
Processor Information for processor 8
  Max Mhz: 1901, Current Mhz: 1819, Mhz Limit: 1901
Processor Information for processor 9
  Max Mhz: 1901, Current Mhz: 1901, Mhz Limit: 1901
Processor Information for processor 10
  Max Mhz: 1901, Current Mhz: 1819, Mhz Limit: 1901
Processor Information for processor 11
  Max Mhz: 1901, Current Mhz: 1819, Mhz Limit: 1901
Processor Information for processor 12
  Max Mhz: 1901, Current Mhz: 1819, Mhz Limit: 1901
Processor Information for processor 13
  Max Mhz: 1901, Current Mhz: 1901, Mhz Limit: 1901
Processor Information for processor 14
  Max Mhz: 1901, Current Mhz: 1819, Mhz Limit: 1901
Processor Information for processor 15
  Max Mhz: 1901, Current Mhz: 1819, Mhz Limit: 1901

Memory: 4k page, system-wide physical 15772M (1133M free)
TotalPageFile size 64924M (AvailPageFile size 1M)
current process WorkingSet (physical memory assigned to process): 432M, peak: 432M
current process commit charge ("private bytes"): 480M, peak: 480M

vm_info: OpenJDK 64-Bit Server VM (21.0.9+-14649483-b1163.86) for windows-amd64 JRE (21.0.9+-14649483-b1163.86), built on 2025-12-30T22:08:35Z by "builder" with MS VC++ 16.10 / 16.11 (VS2019)

END.
